GEOID,pop,pop65,income
060133010001,1316,464,78911.0
060133010002,828,155,
060133010003,2432,202,158608.0
060133010004,875,50,64009.0
060133020051,1291,351,43480.0
060133020052,3075,154,99271.0
060133020053,2148,352,98986.0
060133020054,807,136,85956.0
060133020061,1894,156,151423.0
060133020062,2348,242,120000.0
060133020071,2321,195,137279.0
060133020072,2977,378,117500.0
060133020073,2046,340,109595.0
060133020091,2884,259,100653.0
060133020092,849,103,189028.0
060133020093,506,83,84659.0
060133020094,2468,276,154423.0
060133020111,3974,233,140952.0
060133020112,1623,226,111546.0
060133020121,1950,185,114232.0
060133020122,3792,240,172692.0
060133020131,2204,297,143409.0
060133020132,528,153,196818.0
060133020141,3735,453,144969.0
060133020142,2532,280,119131.0
060133020143,1343,118,196412.0
060133031041,3905,476,144152.0
060133031042,2457,245,177188.0
060133031051,3504,148,175451.0
060133031061,3178,471,130230.0
060133031062,2811,437,60806.0
060133031063,2554,255,138768.0
060133031071,1951,158,121563.0
060133031072,1818,173,140451.0
060133031073,1701,90,158125.0
060133031074,1966,69,138432.0
060133032021,3376,218,116250.0
060133032022,2823,468,191176.0
060133032023,2394,285,120690.0
060133032041,1693,587,77847.0
060133032042,1134,69,
060133032043,2200,200,160250.0
060133032061,2990,142,157569.0
060133032062,2374,222,166513.0
060133032071,3023,258,120806.0
060133032072,5000,422,133333.0
060133032073,890,199,128828.0
060133032081,1048,54,167917.0
060133032082,3270,994,141398.0
060133032091,2555,336,197344.0
060133032092,2716,117,119107.0
060133032101,2476,784,104375.0
060133032102,1377,1325,108050.0
060133032111,2429,261,145799.0
060133032112,1812,110,162308.0
060133040011,3169,1455,128971.0
060133040012,2785,419,225972.0
060133040021,1981,284,93125.0
060133040031,1307,413,163281.0
060133040032,2117,523,149763.0
060133040041,2350,708,142202.0
060133040042,1112,192,136938.0
060133040061,3598,574,165842.0
060133040071,1621,359,123026.0
060133040072,2046,17,162878.0
060133040073,1302,221,156265.0
060133050001,2002,268,73958.0
060133050002,1140,291,
060133050003,935,0,
060133050004,2105,82,62461.0
060133050005,1710,636,39428.0
060133060021,1828,412,105589.0
060133060022,2580,251,120006.0
060133060031,1493,168,66168.0
060133060032,2045,417,40976.0
060133060033,1590,149,
060133060041,2380,473,94090.0
060133060042,997,152,66535.0
060133071011,1896,253,111442.0
060133071012,1105,288,48167.0
060133071013,1608,394,127929.0
060133071021,454,58,59219.0
060133071022,1356,161,
060133071023,1935,253,80719.0
060133071024,2089,371,79357.0
060133072011,2702,483,96991.0
060133072012,1411,143,48571.0
060133072021,1697,69,75600.0
060133072022,666,39,38011.0
060133072023,1913,142,44688.0
060133072041,1875,203,111250.0
060133072042,1076,191,113897.0
060133072043,1675,259,86182.0
060133072051,1647,98,65571.0
060133072052,2344,332,65339.0
060133072053,1203,147,73808.0
060133072054,2193,322,108018.0
060133080011,1193,560,64176.0
060133080012,2137,267,150673.0
060133080013,3398,252,98489.0
060133080014,1242,296,94884.0
060133080021,2557,178,113886.0
060133080022,1426,148,114205.0
060133080023,654,49,130625.0
060133090001,1398,315,66125.0
060133090002,773,180,85750.0
060133090003,1492,230,98672.0
060133100001,1418,190,77917.0
060133100002,1120,347,
060133100003,2393,203,108424.0
060133100004,1392,126,94250.0
060133110001,1304,145,
060133110002,2112,267,90446.0
060133110003,2053,123,108068.0
060133120001,2759,340,58971.0
060133131021,3489,421,70667.0
060133131022,1304,295,102271.0
060133131041,1655,216,74101.0
060133131042,1335,246,56130.0
060133131051,1814,354,125391.0
060133131052,2103,539,59813.0
060133131053,1873,0,76290.0
060133131061,3384,429,208036.0
060133131062,3622,423,112722.0
060133131071,1194,100,143869.0
060133131072,1661,279,154531.0
060133132031,487,128,153750.0
060133132032,2790,412,120114.0
060133132041,2440,424,67462.0
060133132042,1680,358,138576.0
060133132043,1582,67,83879.0
060133132051,2069,213,110911.0
060133132061,1435,226,93571.0
060133132062,1846,110,50524.0
060133132063,1846,335,99357.0
060133132064,1230,257,57688.0
060133141021,2860,372,100625.0
060133141022,1589,90,103266.0
060133141023,2135,345,83864.0
060133141031,2336,122,72843.0
060133141032,1455,195,79919.0
060133141033,1815,12,88393.0
060133141051,1867,393,117969.0
060133141052,1864,301,54316.0
060133141061,1560,187,69189.0
060133141062,2609,31,75361.0
060133142001,2071,219,79276.0
060133142002,2253,315,90602.0
060133142003,2855,255,81612.0
060133150001,874,200,118828.0
060133150002,2778,313,128686.0
060133160001,1226,195,62619.0
060133170001,1069,178,69476.0
060133170002,1059,85,105543.0
060133180001,960,147,91250.0
060133180002,932,226,108617.0
060133180003,1472,253,92350.0
060133190011,2016,176,144138.0
060133190012,2212,216,142768.0
060133190021,694,219,168000.0
060133190022,923,97,116771.0
060133190023,1516,335,106875.0
060133190024,726,45,84660.0
060133200011,1402,165,98571.0
060133200012,1870,228,127799.0
060133200031,2951,409,180000.0
060133200041,776,91,119474.0
060133200042,1352,212,83750.0
060133200043,1266,225,172240.0
060133200044,3255,401,162846.0
060133211011,2359,324,163157.0
060133211012,1111,395,120175.0
060133211013,2012,248,131384.0
060133211014,1701,348,165169.0
060133211021,1110,393,168239.0
060133211022,1535,366,162750.0
060133211023,1996,446,147315.0
060133211024,1372,297,133750.0
060133211031,1882,291,137188.0
060133211032,2072,513,183654.0
060133211033,433,180,130625.0
060133212001,1486,139,142277.0
060133212002,1912,303,103949.0
060133212003,863,49,75688.0
060133212004,1437,256,96042.0
060133220001,840,33,67589.0
060133220002,654,224,
060133220003,2100,488,154667.0
060133220004,2392,566,199663.0
060133220005,677,71,135880.0
060133230001,997,156,133750.0
060133230002,1453,91,139063.0
060133230003,1006,300,151779.0
060133230004,1063,295,131667.0
060133240021,2062,364,70804.0
060133240022,1349,131,116389.0
060133240023,1478,340,109596.0
060133240031,715,52,84896.0
060133240032,1668,86,117763.0
060133240033,987,128,133750.0
060133240041,395,62,142563.0
060133240042,1305,490,65750.0
060133240043,700,117,110313.0
060133250001,1301,285,111458.0
060133250002,552,80,131290.0
060133250003,2514,468,149216.0
060133250004,1040,231,135667.0
060133250005,794,98,195330.0
060133260001,1914,683,154583.0
060133260002,1274,331,182216.0
060133270011,1462,92,155000.0
060133270012,2082,578,56750.0
060133270021,2322,348,78068.0
060133270022,526,80,128125.0
060133270023,1153,145,113465.0
060133280001,774,323,25556.0
060133280002,1682,401,86208.0
060133290001,1428,484,130125.0
060133290002,2527,339,197161.0
060133290003,1221,53,108173.0
060133290004,1106,212,78047.0
060133300001,1230,219,107083.0
060133300002,2171,353,118750.0
060133300003,1103,153,142188.0
060133300004,1025,146,110875.0
060133310001,714,86,88821.0
060133310002,1493,600,
060133310003,1205,23,
060133310004,990,190,81884.0
060133310005,1707,281,150336.0
060133310006,1705,157,67156.0
060133320001,1770,370,141159.0
060133320002,985,256,192708.0
060133320003,1555,157,122840.0
060133320004,1099,313,191406.0
060133320005,644,155,158636.0
060133320006,1595,0,127969.0
060133320007,505,74,90750.0
060133331011,689,178,144375.0
060133331012,1754,398,101053.0
060133331013,1671,220,138623.0
060133331021,1113,387,121210.0
060133331022,1167,250,164508.0
060133331023,1667,195,89125.0
060133332001,946,185,153438.0
060133332002,860,182,104432.0
060133332003,948,168,111116.0
060133332004,1129,427,104038.0
060133332005,1964,220,202333.0
060133340011,1891,395,137969.0
060133340012,2113,277,95357.0
060133340061,1416,244,125333.0
060133340062,2249,471,181250.0
060133340063,1051,137,175114.0
060133340071,486,45,
060133340072,1317,551,47115.0
060133340073,1629,338,153750.0
060133340081,1475,202,93750.0
060133340082,2489,208,151250.0
060133342001,1306,220,250001.0
060133342002,1401,283,
060133342003,1682,1181,61571.0
060133342004,893,84,152639.0
060133342005,1150,137,182847.0
060133342006,1196,280,250001.0
060133350001,1442,238,201806.0
060133350002,1639,220,138944.0
060133350003,588,70,171625.0
060133361011,1677,166,76897.0
060133361012,1323,104,69971.0
060133361013,1210,28,85167.0
060133361031,2136,132,68799.0
060133361032,2851,35,56729.0
060133361041,1088,46,73450.0
060133361042,1353,66,68828.0
060133362011,2001,360,70039.0
060133362012,1138,183,124545.0
060133362013,696,59,75469.0
060133362021,3232,150,86197.0
060133362022,1228,24,70000.0
060133362023,1109,0,56780.0
060133371001,1526,370,123750.0
060133371002,1650,464,116250.0
060133372011,1057,222,86174.0
060133372012,1904,176,57717.0
060133372021,1226,157,31927.0
060133372022,1180,200,171484.0
060133372023,1305,609,93214.0
060133372024,1597,328,119968.0
060133373001,1736,292,189358.0
060133373002,1412,205,85000.0
060133373003,733,165,99861.0
060133373004,775,195,
060133373005,688,135,235250.0
060133373006,808,208,236818.0
060133381011,1290,123,120435.0
060133381012,689,183,69676.0
060133381013,2243,132,76530.0
060133381014,967,203,61782.0
060133381021,786,163,142955.0
060133381022,2433,466,190500.0
060133382011,2212,483,192692.0
060133382012,1849,602,236357.0
060133382031,1326,0,118713.0
060133382032,842,15,148770.0
060133382033,962,125,148438.0
060133382034,1230,158,173250.0
060133382035,1430,206,184934.0
060133382041,1953,341,160362.0
060133382042,1090,284,193036.0
060133382043,1596,497,104522.0
060133382044,1797,446,199795.0
060133383011,1854,430,212753.0
060133383012,1068,362,214313.0
060133383021,1908,502,223750.0
060133383022,1098,383,204196.0
060133383023,2299,475,157313.0
060133390011,991,28,95909.0
060133390012,1623,81,90552.0
060133390013,1064,117,110795.0
060133390031,2377,356,119793.0
060133390032,2032,203,111184.0
060133390041,2671,245,130491.0
060133390042,650,122,178358.0
060133400011,560,67,134593.0
060133400012,2242,224,108301.0
060133400013,1543,125,
060133400014,2280,355,182917.0
060133400031,1154,133,189700.0
060133400032,721,172,108537.0
060133400033,1606,485,151875.0
060133400041,828,95,167034.0
060133400042,1334,305,212891.0
060133400043,1954,548,132188.0
060133410001,1138,288,116055.0
060133410002,1916,302,233977.0
060133410003,1585,315,134306.0
060133430011,1018,389,236836.0
060133430012,1502,381,209009.0
060133430013,2186,211,111103.0
060133430014,1194,266,161467.0
060133430021,2170,329,150417.0
060133430022,1889,588,226382.0
060133430023,535,176,160714.0
060133430031,1990,645,176500.0
060133430032,1767,365,169637.0
060133451011,781,236,123068.0
060133451012,2185,221,250001.0
060133451013,1510,319,165652.0
060133451014,2286,156,178783.0
060133451021,891,205,187375.0
060133451022,2408,270,182813.0
060133451023,1160,140,194643.0
060133451031,1174,59,245089.0
060133451032,969,189,250001.0
060133451033,2677,315,223466.0
060133451034,597,386,
060133451051,1838,280,190691.0
060133451052,1297,420,151927.0
060133451053,783,97,250001.0
060133451054,1169,221,226607.0
060133451055,1079,154,141908.0
060133451111,2170,282,243478.0
060133451112,1688,55,129545.0
060133451113,737,167,192917.0
060133451114,1174,31,99792.0
060133451121,2264,216,250001.0
060133451122,1618,109,103650.0
060133451123,1526,181,250001.0
060133451124,2746,272,241354.0
060133451131,1885,414,250001.0
060133451132,2900,547,212589.0
060133451141,1533,332,196929.0
060133451142,1372,871,119714.0
060133451143,2659,463,250001.0
060133451144,1100,69,250001.0
060133451151,2251,332,206324.0
060133451152,2277,533,250001.0
060133451153,1963,394,224236.0
060133451161,1115,200,208409.0
060133451162,1635,285,225400.0
060133451171,1613,232,250001.0
060133451172,1110,152,121023.0
060133451173,1834,376,196250.0
060133451181,2541,473,163938.0
060133451182,957,383,137647.0
060133452031,2106,521,224766.0
060133452032,1705,229,217620.0
060133452033,1734,131,115588.0
060133452034,1761,200,204792.0
060133452041,1808,470,248156.0
060133452042,1294,253,250001.0
060133452051,681,154,226354.0
060133452052,1939,48,117301.0
060133452053,2969,214,178799.0
060133452061,1347,196,216813.0
060133452062,2208,256,167917.0
060133461011,2339,544,250001.0
060133461012,976,405,250001.0
060133461021,1916,375,250001.0
060133461022,1730,330,250001.0
060133461023,968,127,250001.0
060133461024,856,329,241250.0
060133462031,3147,690,174340.0
060133462032,963,224,219118.0
060133462041,1998,407,250001.0
060133462042,2089,368,250001.0
060133462043,2114,567,250001.0
060133462044,1550,25,250001.0
060133462051,2677,570,243295.0
060133462052,1433,501,222574.0
060133462061,1104,273,230441.0
060133462062,2289,488,250001.0
060133470001,2572,423,230380.0
060133470002,2634,598,250001.0
060133470003,2035,187,232356.0
060133480001,738,159,241813.0
060133480002,2062,518,250001.0
060133480003,1995,286,250001.0
060133490001,2344,518,136103.0
060133490002,1854,465,250001.0
060133490003,1071,268,96125.0
060133500001,1704,158,163235.0
060133500002,624,255,250001.0
060133500003,1426,494,206683.0
060133500004,2005,287,197721.0
060133511011,537,529,97813.0
060133511012,607,543,69688.0
060133511013,1451,1405,77532.0
060133511031,778,652,96750.0
060133511032,1196,1074,106544.0
060133511041,523,511,60469.0
060133511042,612,534,48355.0
060133511043,500,444,80568.0
060133511051,744,706,58536.0
060133511052,1083,892,76324.0
060133512001,1350,270,250001.0
060133512002,1726,510,250001.0
060133512003,2387,520,250001.0
060133521011,3572,596,250001.0
060133521021,1469,285,250001.0
060133521022,617,155,
060133521023,2247,271,247417.0
060133521024,888,215,250001.0
060133522011,2676,276,129156.0
060133522012,1460,346,
060133522013,1964,541,199896.0
060133522021,2546,768,176318.0
060133530011,1273,380,232292.0
060133530012,1624,169,250001.0
060133530013,1748,213,250001.0
060133530021,445,178,212639.0
060133530022,1884,405,250001.0
060133530023,1319,361,250001.0
060133530024,757,137,217222.0
060133540011,2212,471,223207.0
060133540021,2592,627,250001.0
060133540022,839,143,
060133540023,1422,360,250001.0
060133540024,2114,854,197266.0
060133551071,1610,282,101825.0
060133551072,1749,202,155347.0
060133551073,2138,314,140729.0
060133551091,1553,123,121190.0
060133551092,599,315,215714.0
060133551093,2753,690,88640.0
060133551094,2890,165,128158.0
060133551101,2849,420,133558.0
060133551102,1290,105,119352.0
060133551111,2503,326,96328.0
060133551112,2809,260,
060133551113,1335,186,125212.0
060133551121,1435,184,164920.0
060133551122,1389,686,229479.0
060133551123,2912,736,233846.0
060133551131,1805,457,239038.0
060133551132,2269,415,242143.0
060133551133,1386,236,246071.0
060133551151,1689,193,
060133551152,2781,138,243839.0
060133551153,5692,469,123947.0
060133551181,1931,163,100643.0
060133551182,1833,382,225764.0
060133551191,1238,127,166435.0
060133551192,3869,491,157201.0
060133551201,2995,408,98191.0
060133551202,964,194,158628.0
060133551211,1862,90,246538.0
060133551212,2631,390,250001.0
060133551213,1752,97,245568.0
060133551221,1533,324,230000.0
060133551222,970,10,155897.0
060133551223,2930,353,250001.0
060133551231,2279,58,250001.0
060133551232,783,69,250001.0
060133551241,1063,21,250001.0
060133551242,2456,153,250001.0
060133551243,1054,40,250001.0
060133551251,2501,153,250001.0
060133551252,1578,66,196806.0
060133551261,4593,640,250001.0
060133551262,1291,165,250001.0
060133552011,2247,250,176389.0
060133552012,2172,184,167651.0
060133552013,4039,528,155357.0
060133552021,963,37,91544.0
060133552022,2700,267,233816.0
060133553021,981,240,250001.0
060133553022,707,141,178571.0
060133553023,1597,342,250001.0
060133553061,763,185,121500.0
060133553062,1229,133,186250.0
060133553063,1032,232,145930.0
060133553064,1030,167,159808.0
060133553065,621,124,168750.0
060133553071,2667,261,186042.0
060133553072,1834,390,125804.0
060133553081,1037,272,183295.0
060133553082,1331,152,163963.0
060133553083,1134,224,196058.0
060133553091,1033,313,187500.0
060133553092,1292,197,250001.0
060133553093,2632,499,175938.0
060133553101,1667,399,103333.0
060133553102,1124,168,110404.0
060133560011,972,233,81576.0
060133560012,1806,379,111600.0
060133560013,921,98,111442.0
060133560021,2842,695,160000.0
060133560022,2765,543,118223.0
060133570001,1131,227,81563.0
060133570002,1044,459,101920.0
060133570003,1202,210,147625.0
060133580001,934,188,143438.0
060133580002,911,222,71250.0
060133580003,693,145,111442.0
060133580004,1885,222,61875.0
060133580005,1253,90,41096.0
060133591021,1012,196,84000.0
060133591022,2061,512,121027.0
060133591023,2077,294,141477.0
060133591031,1843,165,105703.0
060133591032,875,283,116667.0
060133591033,1297,274,130781.0
060133591034,1395,250,101154.0
060133591041,2623,322,111833.0
060133591051,2305,503,116010.0
060133591052,2843,275,148836.0
060133592021,2572,519,144796.0
060133592022,2611,968,131484.0
060133592023,1520,343,118730.0
060133592031,1569,532,131154.0
060133592032,1371,338,106156.0
060133592033,4104,612,146341.0
060133592041,985,165,127500.0
060133592042,1239,309,125179.0
060133592043,2313,695,161705.0
060133601011,587,169,
060133601012,1862,300,117297.0
060133601013,1394,409,98333.0
060133601021,1911,590,153781.0
060133601022,2086,500,152833.0
060133601023,1272,355,201903.0
060133602001,2628,436,111250.0
060133602002,1519,189,116766.0
060133602003,1412,164,127639.0
060133610001,1144,165,71750.0
060133610002,1776,452,133333.0
060133610003,2026,370,108500.0
060133620001,1059,144,142222.0
060133620002,950,198,119306.0
060133620003,878,347,117313.0
060133630001,2136,440,118393.0
060133630002,2061,581,112424.0
060133630003,2514,794,89117.0
060133630004,861,138,81504.0
060133640021,1882,397,94875.0
060133640022,1581,174,93371.0
060133640023,1854,236,151250.0
060133650021,2409,265,80455.0
060133650022,1188,21,69643.0
060133650023,1839,190,75260.0
060133650031,1568,404,116250.0
060133650032,1326,160,72289.0
060133650033,1276,265,55361.0
060133650034,928,57,56806.0
060133660011,1504,143,73523.0
060133660012,3076,294,108095.0
060133660021,1021,172,54728.0
060133660022,1949,251,132950.0
060133660023,3473,298,84955.0
060133671001,1824,293,122813.0
060133671002,640,69,
060133671003,2222,210,58180.0
060133671004,1092,272,106295.0
060133672001,1656,137,114474.0
060133672002,3010,190,82670.0
060133672003,1220,185,131094.0
060133680011,619,17,
060133680012,1308,136,102240.0
060133680013,1349,173,84063.0
060133680014,1845,57,80577.0
060133680021,1770,188,63750.0
060133680022,2504,186,64226.0
060133690011,1716,106,68685.0
060133690012,1545,571,79531.0
060133690013,1732,100,87521.0
060133690014,1659,361,73875.0
060133690015,608,172,104438.0
060133690021,795,111,65997.0
060133690022,930,163,121346.0
060133690023,1096,136,90675.0
060133700001,1735,277,142188.0
060133700002,524,189,166571.0
060133700003,728,66,180281.0
060133710001,1094,350,105512.0
060133710002,718,134,169531.0
060133710003,617,58,110509.0
060133710004,1498,235,94648.0
060133710005,902,157,94651.0
060133710006,1054,97,76339.0
060133720001,447,48,
060133720002,1316,77,51818.0
060133720003,1391,31,93439.0
060133720004,1854,259,120380.0
060133720005,649,86,
060133720006,1412,59,86935.0
060133720007,622,158,138750.0
060133730001,2228,241,115915.0
060133730002,1340,157,78015.0
060133730003,1045,181,50000.0
060133740001,1242,134,89583.0
060133740002,1371,243,100975.0
060133740003,571,143,18071.0
060133740004,1540,165,91250.0
060133750001,2422,92,76250.0
060133750002,1895,201,62773.0
060133750003,1189,163,84615.0
060133760001,1028,98,51829.0
060133760002,3057,206,82139.0
060133760003,1185,193,91875.0
060133760004,1472,60,
060133770001,1276,69,
060133770002,1141,49,41512.0
060133770003,857,321,29338.0
060133770004,2991,359,52000.0
060133770005,1464,241,
060133780001,1756,523,121250.0
060133780002,2329,638,148208.0
060133790001,2707,133,67258.0
060133790002,1118,198,91445.0
060133790003,2314,82,90811.0
060133790004,1983,137,45096.0
060133800011,1710,331,118009.0
060133800012,1397,357,149000.0
060133800021,2326,462,106210.0
060133800022,1032,121,30938.0
060133810001,1564,354,71250.0
060133810002,1313,194,115214.0
060133810003,543,153,92917.0
060133810004,3302,180,99890.0
060133820001,828,215,
060133820002,2279,243,36602.0
060133820003,3440,531,52405.0
060133820004,2042,77,91563.0
060133830001,2222,160,
060133830002,1696,348,123347.0
060133830003,1590,324,137275.0
060133840001,1276,342,177083.0
060133840002,725,193,250001.0
060133840003,1401,169,179500.0
060133840004,734,164,165114.0
060133851001,1893,588,171250.0
060133851002,1070,364,
060133852001,592,173,166023.0
060133852002,782,165,131034.0
060133860001,1776,141,89421.0
060133860002,1207,340,41042.0
060133860003,705,88,128370.0
060133870001,904,169,165225.0
060133870002,871,165,190833.0
060133870003,1225,177,80025.0
060133880001,1079,125,110078.0
060133880002,1803,253,142321.0
060133891001,1220,243,71094.0
060133891002,1141,158,123295.0
060133892001,627,26,91827.0
060133892002,1134,139,92857.0
060133901001,603,175,227500.0
060133901002,939,237,162083.0
060133901003,737,208,147177.0
060133902001,1213,282,162188.0
060133902002,643,154,200938.0
060133910001,928,211,154318.0
060133910002,1671,370,188000.0
060133920001,967,280,218929.0
060133920002,968,240,209400.0
060133920003,560,106,250001.0
060133922011,1420,202,74805.0
060133922012,886,26,140099.0
060133922013,2466,289,120625.0
060133922021,1215,308,75500.0
060133922022,1136,335,76548.0
060133922023,2262,313,130913.0
060133923001,2588,342,133250.0
060133923002,1221,240,218000.0
060139800001,508,5,
060139900000,0,0,
