GEOID,pop,pop65,income,units
060290001021,1566,216,73488.0,702
060290001022,1301,138,50919.0,627
060290001031,1750,80,33302.0,621
060290001032,909,71,61726.0,276
060290001033,2298,146,,766
060290001041,1691,210,59258.0,539
060290001051,2137,475,70409.0,1048
060290001052,2569,73,109551.0,911
060290001061,2515,140,73789.0,910
060290002011,699,139,12690.0,454
060290002012,1682,155,48901.0,585
060290002013,1156,82,34604.0,325
060290002014,375,13,32381.0,186
060290002021,1577,153,63083.0,493
060290002022,1101,88,43583.0,369
060290002023,1166,105,53105.0,514
060290003001,1576,346,47983.0,538
060290003002,1321,131,47522.0,683
060290003003,1183,166,,460
060290003004,525,66,100042.0,258
060290004001,1650,181,29939.0,621
060290004002,1656,154,41250.0,552
060290004003,1339,262,21633.0,686
060290005041,1557,308,67284.0,556
060290005042,1931,406,118309.0,600
060290005043,1342,217,,668
060290005051,2234,604,89859.0,767
060290005052,1881,589,,751
060290005061,1373,95,69545.0,472
060290005062,374,6,168659.0,108
060290005063,1293,184,80256.0,715
060290005071,2750,496,123411.0,870
060290005072,1399,186,84135.0,609
060290005081,962,210,182167.0,312
060290005082,755,119,116875.0,334
060290005091,699,39,183690.0,204
060290005092,2019,139,155417.0,571
060290005101,1210,108,122905.0,320
060290005102,2671,262,145500.0,630
060290005103,837,163,166020.0,341
060290006011,720,24,,294
060290006012,1282,778,32060.0,775
060290006021,1676,55,48077.0,418
060290006022,1240,28,28800.0,509
060290006031,1185,196,14980.0,511
060290006032,1016,277,34702.0,404
060290007011,1704,225,45189.0,586
060290007012,975,80,47051.0,444
060290007021,1019,166,67235.0,353
060290007022,1728,394,81211.0,677
060290008001,1439,146,58939.0,448
060290008002,1311,47,95899.0,296
060290008003,817,64,54826.0,280
060290008004,1045,174,93851.0,304
060290008005,0,0,,0
060290008006,882,203,87708.0,298
060290009021,1093,243,48993.0,565
060290009022,1946,196,76146.0,806
060290009031,2799,156,103100.0,744
060290009032,856,207,53689.0,466
060290009033,623,105,65066.0,293
060290009041,1415,271,42208.0,674
060290009042,1035,169,55391.0,392
060290009043,1544,386,62619.0,518
060290009051,1014,146,62130.0,400
060290009052,1790,141,71719.0,457
060290009061,2207,100,74583.0,565
060290009062,1408,161,86007.0,514
060290009063,494,62,44088.0,205
060290009071,2547,287,70807.0,732
060290009081,1093,318,118089.0,433
060290009082,651,144,72083.0,234
060290009083,997,237,86875.0,432
060290009084,1220,35,74896.0,416
060290009085,728,0,85256.0,176
060290009091,1104,345,85705.0,413
060290009092,1490,217,111250.0,475
060290009111,424,48,,124
060290009112,2070,198,41477.0,857
060290009121,2845,286,28639.0,796
060290009122,1102,231,,621
060290009131,1111,88,143175.0,297
060290009132,1919,60,114840.0,446
060290009133,822,478,99853.0,440
060290009141,1676,251,93799.0,445
060290009142,749,113,,198
060290009143,1848,200,113894.0,499
060290010011,997,120,,261
060290010012,1540,118,125547.0,405
060290010013,2082,127,92762.0,486
060290010021,1153,229,59800.0,474
060290010022,1565,60,61012.0,420
060290010031,653,265,61616.0,231
060290010032,2748,184,73877.0,761
060290011011,1635,144,33036.0,456
060290011012,2360,220,28477.0,756
060290011013,1962,104,30007.0,546
060290011041,1536,132,72440.0,494
060290011042,1067,45,,267
060290011051,1001,146,39700.0,254
060290011052,1094,34,70625.0,293
060290011053,1451,150,55880.0,400
060290011061,2355,73,32931.0,596
060290011071,1623,68,61761.0,389
060290011072,1142,108,24400.0,320
060290012011,1417,145,59615.0,384
060290012012,1255,80,28802.0,368
060290012021,1397,82,29778.0,412
060290012022,2603,236,32546.0,628
060290012023,1652,41,36410.0,592
060290012024,599,29,44063.0,267
060290013011,1466,123,44489.0,473
060290013012,2086,100,29982.0,699
060290013013,1176,50,30862.0,317
060290013014,318,6,23427.0,106
060290013021,1093,41,33281.0,278
060290013022,1136,78,27917.0,439
060290014011,1332,93,42863.0,427
060290014012,1321,39,38500.0,438
060290014013,1759,97,43231.0,567
060290014021,1594,328,36718.0,641
060290014022,1145,182,61406.0,341
060290015001,1509,120,,354
060290015002,720,107,45000.0,237
060290015003,674,54,32102.0,237
060290016001,1373,269,15938.0,725
060290016002,962,92,41964.0,419
060290017001,1037,230,72353.0,559
060290017002,1097,114,85954.0,481
060290017003,1848,240,95190.0,739
060290017004,540,41,68450.0,352
060290018011,1804,43,65508.0,529
060290018012,720,31,47738.0,328
060290018013,1110,338,36949.0,344
060290018014,1320,254,56487.0,371
060290018015,801,200,34888.0,453
060290018031,1634,295,71806.0,488
060290018032,430,27,158482.0,167
060290018033,893,37,59122.0,374
060290018041,2409,228,97242.0,909
060290018042,1322,257,88785.0,563
060290019011,1290,104,55793.0,428
060290019012,796,123,101151.0,351
060290019013,1346,97,68036.0,351
060290019014,614,152,69651.0,328
060290019021,1159,121,44375.0,359
060290019022,690,46,54006.0,399
060290019023,1162,155,90062.0,433
060290019024,1351,126,49412.0,791
060290020011,1406,86,31722.0,534
060290020012,1956,331,14159.0,697
060290020021,1740,231,30107.0,668
060290020022,2519,355,24063.0,901
060290021001,144,47,,89
060290021002,858,40,31435.0,245
060290021003,957,124,,423
060290021004,1220,32,46833.0,355
060290022011,1235,15,48750.0,341
060290022012,1632,84,50793.0,417
060290022021,1383,153,33894.0,321
060290022022,1693,27,39750.0,419
060290022023,1169,56,46143.0,312
060290023021,2307,76,47244.0,554
060290023022,1485,120,45188.0,409
060290023031,1353,63,55750.0,389
060290023032,1026,128,58056.0,254
060290023033,1189,85,53984.0,327
060290023041,2634,56,39125.0,511
060290023042,1486,88,,433
060290023051,833,89,,254
060290023052,1816,186,56133.0,520
060290024011,1937,157,70583.0,513
060290024021,861,86,60403.0,331
060290024022,3822,78,81765.0,895
060290024031,864,54,,188
060290024032,1999,94,42429.0,589
060290025011,1452,117,,468
060290025012,1510,203,41786.0,370
060290025013,1326,118,34000.0,438
060290025021,1922,188,43360.0,631
060290025031,2313,26,48972.0,555
060290025032,597,45,56042.0,170
060290026001,1033,217,36620.0,282
060290026002,1078,102,41286.0,260
060290026003,1362,147,49904.0,413
060290027011,2407,165,41653.0,631
060290027012,607,129,75464.0,236
060290027021,1152,76,62022.0,345
060290027022,1344,129,78750.0,345
060290027023,773,22,63320.0,332
060290028041,1303,874,30500.0,983
060290028042,981,418,53947.0,614
060290028061,1119,0,104464.0,602
060290028062,1424,250,80234.0,611
060290028071,1250,372,200855.0,598
060290028072,666,100,76836.0,237
060290028073,1124,165,83477.0,299
060290028074,825,160,205813.0,308
060290028111,2159,921,142869.0,848
060290028112,855,102,250001.0,286
060290028113,706,75,168125.0,293
060290028131,1186,54,90660.0,300
060290028132,821,39,59962.0,444
060290028133,2555,255,44966.0,948
060290028141,1801,151,60063.0,546
060290028142,1246,135,42865.0,414
060290028143,1354,277,37781.0,703
060290028151,976,41,95714.0,310
060290028152,776,73,36782.0,427
060290028153,1140,156,63333.0,368
060290028154,1746,125,38825.0,513
060290028161,1843,165,85368.0,484
060290028162,1619,63,83750.0,543
060290028163,1329,71,75809.0,325
060290028164,2206,209,54444.0,626
060290028171,1325,141,75985.0,352
060290028172,1468,69,31736.0,592
060290028173,1633,184,77417.0,636
060290028174,979,154,49563.0,299
060290028181,2606,243,69391.0,730
060290028182,2481,292,104722.0,808
060290028191,1979,284,80531.0,797
060290028192,2372,263,67179.0,968
060290028201,1380,233,94519.0,455
060290028202,1807,104,101739.0,562
060290028203,1813,183,172212.0,396
060290028204,976,145,109777.0,323
060290028205,1136,141,98917.0,353
060290028211,1703,231,85117.0,746
060290028212,1276,103,101250.0,338
060290028213,1978,79,107574.0,680
060290028221,885,220,122045.0,330
060290028222,1402,485,99241.0,543
060290028223,803,74,199063.0,248
060290028231,1579,32,101976.0,680
060290028232,1141,264,56250.0,696
060290028233,1954,248,78250.0,572
060290028241,552,21,53750.0,234
060290028242,967,35,29623.0,448
060290028243,715,83,55884.0,392
060290028251,1141,194,40956.0,365
060290028252,1773,100,62065.0,576
060290029011,2578,123,50069.0,624
060290029012,1438,114,57237.0,418
060290029021,1700,119,70769.0,514
060290029022,2184,462,44386.0,893
060290030011,3364,403,44766.0,811
060290030012,1333,69,70547.0,271
060290030021,2420,185,40000.0,580
060290030022,983,66,41413.0,325
060290031031,1270,82,24052.0,464
060290031032,2459,50,63359.0,617
060290031033,793,121,60889.0,166
060290031121,2559,234,61565.0,1026
060290031122,2095,351,67232.0,774
060290031123,1303,372,74167.0,499
060290031131,3129,410,52902.0,1046
060290031132,2102,170,54359.0,518
060290031241,1475,290,110173.0,443
060290031242,1741,99,73351.0,522
060290031243,1798,87,88295.0,585
060290031244,610,52,,256
060290031245,16,0,,0
060290031251,1862,266,59032.0,426
060290031252,1809,171,73824.0,505
060290031261,1353,143,41900.0,567
060290031262,2486,124,59482.0,713
060290031263,1810,203,43817.0,593
060290031271,2093,176,39886.0,635
060290031272,2211,203,55074.0,541
060290031281,2705,70,51913.0,627
060290031282,1725,210,47278.0,620
060290031291,1946,300,,583
060290031292,1814,90,118361.0,593
060290031301,2751,250,122145.0,804
060290031302,2152,244,61493.0,661
060290031311,1240,263,97842.0,432
060290031312,0,0,,0
060290031313,2010,249,69643.0,648
060290031321,2438,216,66442.0,728
060290031322,1998,93,67500.0,718
060290031331,1145,110,69625.0,322
060290031332,1588,257,56827.0,507
060290031341,3509,259,91087.0,950
060290031351,2473,101,138397.0,647
060290031352,1872,142,133139.0,666
060290031361,1385,112,58986.0,495
060290031371,1478,117,57225.0,563
060290031372,1918,70,86435.0,387
060290032031,2345,294,109167.0,766
060290032071,2774,241,97168.0,549
060290032072,1989,26,66833.0,480
060290032081,1822,174,89409.0,511
060290032082,1827,96,74000.0,673
060290032083,3364,57,66868.0,754
060290032091,2841,140,71359.0,772
060290032092,2002,100,110524.0,407
060290032101,1558,237,69124.0,741
060290032102,3646,241,86406.0,1006
060290032111,3050,147,119700.0,734
060290032112,2382,61,119095.0,473
060290032121,1666,326,250001.0,613
060290032122,1324,94,110139.0,520
060290032123,2384,259,194605.0,632
060290032124,756,102,147109.0,275
060290032131,2296,153,118239.0,806
060290032141,1089,23,145804.0,279
060290032142,1055,70,,309
060290032151,2633,356,70874.0,608
060290032152,1369,110,49728.0,503
060290032161,3756,240,127386.0,872
060290032171,1082,94,97364.0,299
060290032172,2147,233,108992.0,547
060290032181,2017,72,182250.0,461
060290032182,3016,106,102218.0,815
060290032183,1400,215,97417.0,592
060290032191,3007,97,110107.0,722
060290032192,3008,218,150389.0,748
060290032201,2763,84,141042.0,757
060290032202,1097,37,91920.0,378
060290032203,1916,94,147596.0,354
060290032211,1124,130,115842.0,542
060290032212,1538,181,231172.0,544
060290032213,1861,5,127250.0,474
060290032221,1650,468,56977.0,632
060290033031,1260,244,42333.0,546
060290033041,886,104,,392
060290033042,945,129,65625.0,370
060290033043,677,56,100833.0,116
060290033051,1217,193,46500.0,721
060290033052,255,31,,213
060290033053,1725,328,32292.0,879
060290033071,1253,311,90063.0,945
060290033072,697,294,59600.0,976
060290033073,829,168,42374.0,480
060290033081,992,162,80214.0,362
060290033082,879,203,,636
060290034001,2139,70,37321.0,639
060290034002,1121,87,50500.0,374
060290034003,1050,178,51563.0,402
060290035001,1522,96,96382.0,507
060290035002,1227,31,,484
060290035003,416,200,28829.0,424
060290035004,1484,170,53796.0,559
060290035005,1974,532,95446.0,778
060290036001,690,9,58386.0,241
060290036002,1844,111,40441.0,526
060290036003,620,52,108611.0,263
060290036004,1313,157,55833.0,587
060290038061,2718,198,87670.0,953
060290038062,1966,184,145806.0,607
060290038063,1331,256,183088.0,392
060290038071,720,224,87885.0,368
060290038072,1058,272,94375.0,370
060290038073,1456,319,132700.0,472
060290038081,1841,216,98011.0,646
060290038082,1099,74,47113.0,422
060290038083,1597,141,95691.0,536
060290038101,1570,204,178950.0,465
060290038102,940,152,102656.0,423
060290038111,1685,128,79453.0,575
060290038112,779,169,67700.0,353
060290038121,1750,520,100680.0,708
060290038122,1762,216,100225.0,739
060290038123,1587,197,81477.0,495
060290038141,2702,134,187917.0,785
060290038142,1836,166,93732.0,628
060290038143,2907,29,149500.0,736
060290038151,2097,160,104260.0,809
060290038152,1743,149,140167.0,484
060290038153,1965,141,177368.0,552
060290038161,1730,71,102750.0,568
060290038162,1237,65,148333.0,396
060290038171,1524,285,89640.0,469
060290038172,1339,29,150091.0,477
060290038173,970,86,116591.0,358
060290038181,2506,16,103280.0,564
060290038182,867,186,71154.0,387
060290038183,2175,123,124250.0,580
060290038191,1097,101,96538.0,290
060290038192,1617,164,,551
060290038193,840,205,161875.0,321
060290038194,912,111,157936.0,425
060290038201,1114,420,117083.0,427
060290038202,898,564,75833.0,485
060290038203,957,21,193750.0,320
060290038211,1743,254,127292.0,498
060290038212,2120,158,160536.0,593
060290038213,641,304,183950.0,281
060290038221,1300,83,128276.0,434
060290038222,1699,194,135069.0,495
060290038231,1680,424,183661.0,668
060290038232,2914,321,174815.0,902
060290038241,1020,67,85242.0,394
060290038242,1609,398,94265.0,594
060290038251,2703,184,121176.0,828
060290038261,384,57,193056.0,118
060290038262,756,110,163333.0,266
060290038263,1647,119,135298.0,609
060290038271,2132,39,111843.0,513
060290038272,772,41,164665.0,269
060290039001,2414,177,111401.0,773
060290039002,1609,36,,139
060290040011,2592,116,77353.0,541
060290040012,1784,52,72778.0,419
060290040021,1091,28,,364
060290040022,2896,125,91985.0,709
060290041011,3940,385,96286.0,984
060290041012,923,139,,289
060290041013,1634,213,42500.0,550
060290041021,2306,153,36998.0,754
060290041022,949,127,33849.0,310
060290041023,1409,72,41979.0,347
060290043021,4081,11,,0
060290043031,3887,129,51009.0,886
060290043032,1771,103,59662.0,492
060290043041,2891,119,60455.0,796
060290043051,1453,209,99792.0,354
060290044021,1601,90,65154.0,569
060290044022,1436,67,28556.0,286
060290044023,1630,251,20662.0,690
060290044031,1500,232,67530.0,489
060290044032,1286,92,72310.0,417
060290044041,1812,207,58889.0,619
060290044042,1816,157,96467.0,415
060290044043,1131,147,31161.0,537
060290045001,1262,60,39048.0,326
060290045002,1960,94,65694.0,600
060290046011,3375,13,,0
060290046031,2358,17,,0
060290046051,622,56,,156
060290046052,2940,183,95164.0,733
060290046061,2489,239,39216.0,602
060290046062,14,0,,0
060290046071,1324,122,63750.0,332
060290046072,1998,189,75987.0,487
060290046073,1584,0,64647.0,359
060290046074,1217,161,89591.0,283
060290047021,1510,146,32679.0,424
060290047022,1182,67,48618.0,406
060290047023,1188,179,44479.0,309
060290047031,3026,121,56389.0,722
060290047032,1752,37,82778.0,332
060290047041,2879,181,47471.0,805
060290047042,1122,95,50647.0,432
060290047043,2010,193,90029.0,444
060290048011,1588,165,65729.0,353
060290048012,985,0,,240
060290048013,1607,63,,453
060290048021,3095,277,38164.0,981
060290048022,1324,175,76607.0,418
060290048023,2496,276,43125.0,848
060290049011,1081,0,50647.0,279
060290049012,2805,127,38079.0,748
060290049013,2188,299,56638.0,654
060290049031,1412,51,135294.0,322
060290049032,1426,295,126136.0,326
060290049033,905,233,40096.0,245
060290049034,1210,335,69313.0,387
060290049041,988,202,74900.0,308
060290049042,2064,324,40735.0,580
060290050031,1405,333,67347.0,300
060290050032,1883,238,34458.0,637
060290050051,1163,79,66786.0,414
060290050052,2453,200,53844.0,686
060290050061,1653,205,71136.0,590
060290050062,2161,129,104770.0,495
060290051031,1581,769,36445.0,862
060290051032,578,177,135476.0,244
060290051041,1404,499,139667.0,554
060290051042,1069,681,88148.0,639
060290051043,1280,203,159712.0,394
060290051044,425,174,81667.0,207
060290052031,1526,786,27178.0,1047
060290052032,1645,727,49625.0,944
060290052033,1028,191,27453.0,559
060290052051,1185,259,26382.0,485
060290052052,2136,227,27197.0,1099
060290052053,849,165,23846.0,556
060290052061,936,304,37155.0,465
060290052062,595,366,48857.0,483
060290052063,754,157,35089.0,455
060290052071,739,260,36334.0,541
060290052072,407,167,71637.0,359
060290052073,281,229,43654.0,436
060290052081,668,105,55919.0,465
060290052082,1520,658,41803.0,1165
060290052083,683,316,,846
060290053001,439,12,78906.0,89
060290053002,2000,34,44832.0,697
060290054021,1326,468,67625.0,761
060290054022,1399,178,91845.0,589
060290054023,2330,449,111935.0,926
060290054051,1417,232,55356.0,541
060290054052,1452,159,56659.0,775
060290054061,1051,274,124526.0,383
060290054062,1615,443,102000.0,648
060290054063,1112,119,120069.0,442
060290054071,2244,173,54383.0,988
060290054072,1527,222,70815.0,684
060290054081,1624,182,76083.0,641
060290054082,1067,136,98750.0,376
060290054083,946,120,109138.0,510
060290054084,1055,63,51016.0,374
060290054091,1297,198,79432.0,758
060290054092,2212,207,104286.0,935
060290054093,935,97,115938.0,347
060290054101,1150,105,103250.0,577
060290054102,585,307,59399.0,272
060290055081,2211,133,83977.0,642
060290055082,1402,190,72012.0,598
060290055083,1399,288,36250.0,682
060290055091,1027,188,67063.0,570
060290055092,1496,138,,476
060290055093,2060,521,117126.0,931
060290055101,1116,236,84167.0,577
060290055102,594,195,89063.0,384
060290055111,1841,464,37285.0,1069
060290055112,1032,9,59211.0,334
060290055113,1286,225,57547.0,626
060290055121,3213,300,56458.0,995
060290055122,783,163,,406
060290055131,1560,244,67339.0,670
060290055132,615,86,40938.0,201
060290055141,829,236,59178.0,357
060290055142,1045,111,75859.0,403
060290055143,1745,217,21962.0,564
060290056001,790,123,74125.0,324
060290056002,1837,238,46304.0,847
060290057001,2706,0,94773.0,918
060290057002,0,0,,0
060290058031,1754,399,76391.0,555
060290058032,1154,132,58750.0,628
060290058041,2647,254,68762.0,681
060290058042,1144,126,15446.0,457
060290058043,1899,287,82821.0,693
060290058051,1881,120,96715.0,619
060290058052,701,62,115250.0,267
060290058061,1618,150,125459.0,575
060290058062,2626,215,122250.0,747
060290058063,992,18,135250.0,283
060290059001,1088,130,43409.0,320
060290059002,999,89,56379.0,370
060290059003,2111,222,49875.0,975
060290060021,3447,114,,0
060290060031,1095,506,60547.0,602
060290060032,1086,50,,291
060290060033,1801,539,155060.0,711
060290060034,2056,98,60568.0,869
060290060041,935,324,67159.0,594
060290060042,430,171,60833.0,326
060290060061,2059,456,94319.0,897
060290060062,724,203,171094.0,341
060290060063,1539,238,101923.0,570
060290060091,765,371,105655.0,664
060290060092,2217,757,122045.0,931
060290060101,2015,580,130144.0,967
060290060102,1384,399,102750.0,607
060290060111,1390,352,82280.0,621
060290060112,1341,517,83125.0,754
060290060121,1070,224,88382.0,463
060290060122,1898,441,111827.0,679
060290061011,1411,168,34861.0,577
060290061012,1220,442,42102.0,709
060290061013,1106,130,98204.0,502
060290061021,869,22,72121.0,298
060290061022,1085,125,100000.0,332
060290061023,1303,259,85469.0,566
060290061024,1576,418,83710.0,794
060290062011,1422,124,44561.0,483
060290062012,1025,119,63750.0,277
060290062021,1953,9,59250.0,378
060290062022,931,106,43542.0,307
060290062023,2153,136,64676.0,505
060290062024,2692,82,80588.0,550
060290063011,1774,269,61250.0,458
060290063012,1828,96,34769.0,525
060290063031,3102,87,43182.0,747
060290063032,1016,97,44830.0,279
060290063033,872,31,35268.0,246
060290063041,1675,141,44107.0,408
060290063042,1476,94,67381.0,310
060290063043,1055,63,37107.0,275
060290064031,1777,58,63920.0,435
060290064032,1481,109,41833.0,406
060290064033,1418,78,25236.0,352
060290064034,1199,175,31731.0,452
060290064041,1881,231,20389.0,653
060290064042,1717,134,40296.0,462
060290064051,1347,215,50417.0,465
060290064052,999,86,68750.0,281
060290064061,1319,246,26814.0,384
060290064062,1770,194,29266.0,454
060290064063,795,112,27013.0,376
060290065001,1038,96,29813.0,708
060290065002,1985,165,34402.0,284
060290065003,763,116,,322
060290066001,1330,129,36204.0,425
060290066002,1017,78,108056.0,288
060290066003,2434,210,70750.0,714
