h3,name,holc,access_min,access_km,street_m,access_src
892830d0883ffff,Wendt Ranch,,53.6,4.29,0.0,routed
892830d0893ffff,Monterosso SE 2,,52.6,4.21,0.0,routed
892830d0897ffff,Monterosso SE,,49.8,3.98,0.0,routed
892830d0993ffff,Monterosso SW 2,,55.3,4.42,0.0,routed
892830d0c07ffff,Carlyle NE 2,,55.9,4.47,0.0,routed
892830d0c17ffff,Waterford NE 3,,49.3,3.94,0.0,routed
892830d0c23ffff,Aventura NE 5,,50.0,4.0,0.0,routed
892830d0c27ffff,Aventura N 4,,48.5,3.88,0.0,routed
892830d0c2bffff,Aventura NE 7,,56.9,4.55,0.0,routed
892830d0c2fffff,Aventura N 5,,52.8,4.22,0.0,routed
892830d0c33ffff,Aventura NE 4,,51.6,4.13,0.0,routed
892830d0c37ffff,Aventura N 3,,47.9,3.83,0.0,routed
892830d0c3bffff,Aventura NE 6,,54.0,4.32,0.0,routed
892830d0c83ffff,Waterford E 2,,42.6,3.41,0.0,routed
892830d0c87ffff,Waterford NE,,40.4,3.23,124.0,routed
892830d0c8fffff,Waterford NE 2,,45.2,3.61,0.0,routed
892830d0c93ffff,Waterford E 3,,41.6,3.33,0.0,routed
892830d0c97ffff,Waterford E,,39.4,3.15,638.0,routed
892830d0ca3ffff,Aventura NE,,36.5,2.92,0.0,routed
892830d0ca7ffff,Aventura N,,35.4,2.83,0.0,routed
892830d0cabffff,Aventura NE 3,,41.1,3.28,0.0,routed
892830d0cafffff,Aventura NE 2,,39.4,3.15,0.0,routed
892830d0cb3ffff,Carlyle,,36.5,2.92,861.0,routed
892830d0cb7ffff,Aventura,,32.9,2.63,1378.0,routed
892830d0cbbffff,Carlyle NE,,40.9,3.27,0.0,routed
892830d0d03ffff,Solaire & Belvedere NE 2,,29.7,2.38,345.0,routed
892830d0d07ffff,Avanti E,,24.5,1.96,38.0,routed
892830d0d0bffff,Solaire & Belvedere NE 3,,32.7,2.62,573.0,routed
892830d0d0fffff,Avanti NE 2,,37.6,3.01,44.0,routed
892830d0d13ffff,Solaire & Belvedere E 2,,24.4,1.96,1284.0,routed
892830d0d17ffff,Solaire & Belvedere NE,,20.5,1.64,1157.0,routed
892830d0d1bffff,Piccadilly Square Park,,30.7,2.46,1677.0,routed
892830d0d23ffff,Avanti N 2,,30.1,2.41,0.0,routed
892830d0d27ffff,Alta Mira E,,57.7,4.61,0.0,routed
892830d0d2bffff,Avanti NE 3,,59.5,4.76,0.0,routed
892830d0d2fffff,Avanti N 3,,56.0,4.48,0.0,routed
892830d0d33ffff,Avanti N,,25.9,2.07,128.0,routed
892830d0d37ffff,Avanti NW 2,,28.2,2.26,0.0,routed
892830d0d3bffff,Avanti NE,,28.8,2.31,0.0,routed
892830d0d43ffff,Monterosso S 3,,48.4,3.88,0.0,routed
892830d0d47ffff,Monterosso S,,43.0,3.44,403.0,routed
892830d0d4bffff,Monterosso S 2,,46.6,3.73,0.0,routed
892830d0d53ffff,Solaire & Belvedere E 5,,39.4,3.15,0.0,routed
892830d0d57ffff,Solaire & Belvedere NE 4,,36.7,2.93,1019.0,routed
892830d0d5bffff,Monterosso S 4,,45.8,3.67,0.0,routed
892830d0d63ffff,Monterosso,,39.4,3.15,876.0,routed
892830d0d67ffff,Monterosso SW,,47.4,3.8,46.0,routed
892830d0d77ffff,Monterosso SW 3,,41.7,3.34,0.0,routed
892830d0d83ffff,Solaire & Belvedere SE,,21.2,1.69,0.0,routed
892830d0d87ffff,Veranda,,13.5,1.08,1194.0,routed
892830d0d8bffff,Solaire & Belvedere SE 2,,25.0,2.0,1149.0,routed
892830d0d8fffff,Solaire & Belvedere E,,20.6,1.65,435.0,routed
892830d0d93ffff,Taramea W,,17.1,1.37,1569.0,routed
892830d0d97ffff,Shelbourne,,13.1,1.05,967.0,routed
892830d0d9bffff,Taramea N,,22.3,1.78,673.0,routed
892830d0da3ffff,Terravista N,,20.5,1.64,1106.0,routed
892830d0da7ffff,Monarch SE,,25.6,2.05,1236.0,routed
892830d0dabffff,Avanti,,21.3,1.71,1216.0,routed
892830d0dafffff,Avanti NW,,24.2,1.94,975.0,routed
892830d0db3ffff,Terravista,,11.7,0.94,2057.0,routed
892830d0db7ffff,Coronado,,15.7,1.25,1653.0,routed
892830d0dbbffff,Solaire & Belvedere,,15.8,1.27,1669.0,routed
892830d0dc3ffff,Fiore NE 2,,49.2,3.93,0.0,routed
892830d0dc7ffff,Solaire & Belvedere E 3,,30.8,2.46,0.0,routed
892830d0dcbffff,Fiore NE 3,,45.2,3.61,0.0,routed
892830d0dcfffff,Solaire & Belvedere E 4,,35.0,2.8,193.0,routed
892830d0dd3ffff,Fiore NE,,30.2,2.42,0.0,routed
892830d0dd7ffff,Fiore N,,28.8,2.3,364.0,routed
892830d0ddbffff,Aventura N 2,,53.5,4.28,0.0,routed
892830d286bffff,Chantera S,,30.1,2.4,0.0,routed
892830d286fffff,Chantera SW,,30.0,2.4,0.0,routed
892830d28a3ffff,eaves Dublin Apartments NE,,33.7,2.7,917.0,routed
892830d28a7ffff,The Hills at Bent Creek E,,29.9,2.39,1011.0,routed
892830d28afffff,Bent Creek Estates E 2,,30.4,2.43,468.0,routed
892830d28b7ffff,eaves Dublin Apartments,,36.2,2.9,944.0,routed
892830d2903ffff,Old Ranch Summit NE,,26.9,2.15,0.0,routed
892830d2907ffff,Old Ranch Summit NW,,23.7,1.9,232.0,routed
892830d290bffff,Old Ranch Estates N,,23.9,1.91,707.0,routed
892830d290fffff,Old Ranch Estates NW,,24.0,1.92,0.0,routed
892830d2913ffff,Old Ranch Summit SE,,11.2,0.89,546.0,routed
892830d2917ffff,Old Ranch Summit,,14.4,1.15,1646.0,routed
892830d291bffff,Old Ranch Estates,,19.9,1.6,705.0,routed
892830d2923ffff,Old Ranch Summit NW 3,,28.5,2.28,1021.0,routed
892830d2927ffff,Old Ranch Summit NW 5,,30.2,2.42,1834.0,routed
892830d292bffff,Old Ranch Summit N 2,,32.3,2.58,0.0,routed
892830d292fffff,Old Ranch Summit NW 6,,31.3,2.51,252.0,routed
892830d2933ffff,Old Ranch Summit NW 2,,20.0,1.6,872.0,routed
892830d2937ffff,Old Ranch Summit NW 4,,25.9,2.07,836.0,routed
892830d293bffff,Old Ranch Summit N,,27.6,2.21,0.0,routed
892830d2943ffff,Old Ranch Estates NE 2,,18.2,1.45,681.0,routed
892830d2947ffff,Old Ranch Estates N 2,,9.6,0.77,311.0,routed
892830d294bffff,Cambridge SW 2,,13.8,1.1,0.0,routed
892830d294fffff,Serena & Cordova SE,,10.4,0.83,1087.0,routed
892830d2953ffff,Old Ranch Estates E,,18.0,1.44,903.0,routed
892830d2957ffff,Old Ranch Estates NE,,26.9,2.15,1411.0,routed
892830d2963ffff,Serena & Cordova SW,,6.0,0.48,454.0,routed
892830d2967ffff,Serena & Cordova SW 2,,17.2,1.38,0.0,routed
892830d296bffff,Serena & Cordova S,,10.2,0.82,729.0,routed
892830d296fffff,Serena & Cordova W,,13.5,1.08,823.0,routed
892830d2973ffff,Old Ranch Estates N 3,,2.3,0.18,0.0,routed
892830d2977ffff,Old Ranch Estates NW 2,,33.5,2.68,0.0,routed
892830d297bffff,Serena & Cordova S 2,,6.5,0.52,928.0,routed
892830d2983ffff,Fairway Village Apartments N,,3.3,0.27,710.0,routed
892830d2987ffff,Fairway Village Apartments N 2,,6.7,0.54,748.0,routed
892830d298bffff,Old Ranch Summit S 2,,8.0,0.64,1426.0,routed
892830d298fffff,Old Ranch Summit S,,8.2,0.66,1374.0,routed
892830d2993ffff,Fairway Village Apartments,,5.8,0.46,1560.0,routed
892830d2997ffff,Fairway Village Apartments NW,,5.7,0.46,64.0,routed
892830d299bffff,Senior Center Park Gardens,,1.3,0.11,1169.0,routed
892830d29a3ffff,Old Ranch Summit W 2,,16.9,1.35,906.0,routed
892830d29a7ffff,Old Ranch Summit W 4,,20.5,1.64,732.0,routed
892830d29abffff,Old Ranch Summit W,,18.7,1.49,1425.0,routed
892830d29afffff,Old Ranch Summit W 3,,16.7,1.34,82.0,routed
892830d29b3ffff,Old Ranch Summit SW 2,,26.7,2.14,1068.0,routed
892830d29b7ffff,Old Ranch Summit W 5,,21.0,1.68,936.0,routed
892830d29bbffff,Old Ranch Summit SW,,12.6,1.0,1112.0,routed
892830d29c3ffff,Bent Creek Estates,,21.2,1.7,1733.0,routed
892830d29c7ffff,Old Ranch Estates S,,19.2,1.54,1379.0,routed
892830d29cbffff,Bent Creek Estates NE,,19.8,1.59,1448.0,routed
892830d29cfffff,Old Ranch Estates SE,,22.6,1.81,1862.0,routed
892830d29d3ffff,The Hills at Bent Creek,,21.0,1.68,664.0,routed
892830d29d7ffff,Old Ranch Park,,20.3,1.62,842.0,routed
892830d29dbffff,Bent Creek Estates E,,26.3,2.1,1689.0,routed
892830d2a23ffff,Waterford S,,50.9,4.08,0.0,routed
892830d2a27ffff,La Sera E,,49.6,3.97,0.0,routed
892830d2a2fffff,Waterford SE,,47.1,3.77,0.0,routed
892830d2a33ffff,Montecito E 2,,41.8,3.34,0.0,routed
892830d2a37ffff,Montecito E,,32.4,2.59,518.0,routed
892830d2aa3ffff,Chantera SE 3,,37.0,2.96,1491.0,routed
892830d2aa7ffff,Chantera SE,,31.6,2.53,1831.0,routed
892830d2aabffff,Chantera E 2,,39.7,3.17,139.0,routed
892830d2aafffff,Chantera E,,35.0,2.8,896.0,routed
892830d2ab3ffff,Wallis Ranch NW,,39.6,3.17,0.0,routed
892830d2ab7ffff,Chantera SE 2,,36.3,2.9,576.0,routed
892830d2abbffff,Wallis Ranch,,40.9,3.27,668.0,routed
892830d2b03ffff,Torello,,13.4,1.07,704.0,routed
892830d2b07ffff,Torello NW,,20.1,1.61,0.0,routed
892830d2b0bffff,Coventry N,,26.3,2.1,103.0,routed
892830d2b0fffff,Canadoro SE,,17.3,1.38,328.0,routed
892830d2b13ffff,Wedgewood,,22.1,1.77,1953.0,routed
892830d2b17ffff,Cambridge,,8.9,0.71,1776.0,routed
892830d2b1bffff,Coventry,,21.5,1.72,1874.0,routed
892830d2b23ffff,Ambridge,,13.3,1.07,721.0,routed
892830d2b27ffff,Valencia,,9.0,0.72,1896.0,routed
892830d2b2bffff,Canyon Oaks,,16.5,1.32,2016.0,routed
892830d2b2fffff,Ambridge N,,15.0,1.2,949.0,routed
892830d2b33ffff,Mill Creek,,9.5,0.76,1464.0,routed
892830d2b37ffff,Valencia S,,3.8,0.3,1279.0,routed
892830d2b3bffff,Canadoro,,17.2,1.38,2418.0,routed
892830d2b43ffff,Lunaria S,,30.2,2.41,382.0,routed
892830d2b47ffff,Lunaria SW,,26.8,2.14,232.0,routed
892830d2b4bffff,Waterford,,34.8,2.78,1981.0,routed
892830d2b4fffff,Lunaria,,30.4,2.43,2323.0,routed
892830d2b53ffff,La Sera NE,,29.4,2.35,1299.0,routed
892830d2b57ffff,Coventry E,,25.0,2.0,588.0,routed
892830d2b5bffff,Waterford SW,,44.6,3.57,1064.0,routed
892830d2b63ffff,Wyngate,,24.3,1.95,2231.0,routed
892830d2b67ffff,Taramea,,22.2,1.78,1953.0,routed
892830d2b6bffff,Belrose,,29.2,2.34,802.0,routed
892830d2b6fffff,Fiore,,26.0,2.08,1154.0,routed
892830d2b73ffff,Windemere,,21.2,1.7,1234.0,routed
892830d2b77ffff,Amberley,,19.4,1.55,2386.0,routed
892830d2b7bffff,Wyngate SE,,26.4,2.12,1751.0,routed
892830d2b83ffff,Barcella S,,22.0,1.76,443.0,routed
892830d2b87ffff,Cambridge SW,,10.0,0.8,245.0,routed
892830d2b8bffff,Chambray,,19.4,1.55,1503.0,routed
892830d2b8fffff,Barcella,,17.9,1.43,1409.0,routed
892830d2b9bffff,Chambray S,,23.0,1.84,0.0,routed
892830d2ba3ffff,Deer Creek,,0.9,0.07,641.0,routed
892830d2ba7ffff,Deer Creek NW,,16.0,1.28,0.0,routed
892830d2babffff,Mill Creek S,,4.3,0.34,1022.0,routed
892830d2bafffff,Dougherty Valley,,4.5,0.36,544.0,routed
892830d2bb3ffff,Deer Creek S,,8.0,0.64,604.0,routed
892830d2bb7ffff,Deer Creek SW,,14.1,1.13,49.0,routed
892830d2bbbffff,Cambridge W,,5.6,0.45,589.0,routed
892830d2bc3ffff,Montecito,,24.1,1.93,2289.0,routed
892830d2bc7ffff,San Ramon Sports Park,,20.4,1.63,1434.0,routed
892830d2bcbffff,La Sera SE,,30.0,2.4,1874.0,routed
892830d2bcfffff,La Sera,,25.6,2.05,1524.0,routed
892830d2bd3ffff,Chantera,,26.6,2.13,1173.0,routed
892830d2bd7ffff,Emory,,22.7,1.81,1277.0,routed
892830d2bdbffff,Chantera NE,,30.3,2.42,2346.0,routed
892830d2d23ffff,Easthampton,,7.3,0.59,2294.0,routed
892830d2d27ffff,Easthampton W,,1.9,0.15,2050.0,routed
892830d2d2bffff,Fairway Village Apartments SE,,13.3,1.07,1121.0,routed
892830d2d2fffff,Easthampton NE,,6.0,0.48,1365.0,routed
892830d2d37ffff,Village Parkway NW,,6.4,0.51,1879.0,routed
892830d2d3bffff,Village Parkway,,14.7,1.17,1491.0,routed
892830d2d63ffff,Amador Lakes Apartments NE,,5.0,0.4,0.0,routed
892830d2d67ffff,Amador Lakes Apartments N,,8.2,0.66,1301.0,routed
892830d2d6bffff,The Hills at Bent Creek S,,26.4,2.12,381.0,routed
892830d2d6fffff,The Hills at Bent Creek W,,4.4,0.35,0.0,routed
892830d2d77ffff,Amador Lakes Apartments,,11.0,0.88,840.0,routed
892830d2d7bffff,The Hills at Bent Creek S 2,,33.8,2.7,133.0,routed
892830d44c3ffff,California Chateau at Danville Ranch SW,,21.0,1.68,0.0,routed
892830d44d3ffff,The Preserve NW,,13.9,1.11,0.0,routed
892830d44d7ffff,The Preserve NW 2,,17.9,1.43,0.0,routed
892830d44dbffff,California Chateau at Danville Ranch S,,10.9,0.87,149.0,routed
892830d6203ffff,The Preserve SW 6,,13.4,1.07,831.0,routed
892830d6207ffff,The Preserve SW 7,,17.9,1.43,163.0,routed
892830d620bffff,The Preserve SW 4,,7.1,0.57,1696.0,routed
892830d620fffff,The Preserve SW 5,,43.6,3.49,0.0,routed
892830d6213ffff,The Preserve SW 8,,18.3,1.46,102.0,routed
892830d6217ffff,The Preserve SW 9,,17.3,1.38,246.0,routed
892830d621bffff,The Preserve S 7,,12.7,1.02,1681.0,routed
892830d6243ffff,The Preserve S 4,,14.5,1.16,2033.0,routed
892830d6247ffff,The Preserve S 3,,7.9,0.63,1986.0,routed
892830d624bffff,The Preserve SE 3,,17.2,1.38,1324.0,routed
892830d624fffff,The Preserve S 2,,15.2,1.21,1027.0,routed
892830d6253ffff,The Preserve S 6,,17.6,1.41,701.0,routed
892830d6257ffff,The Preserve S 5,,15.1,1.21,1797.0,routed
892830d625bffff,The Preserve SE 5,,26.2,2.09,797.0,routed
892830d6263ffff,The Preserve SW,,14.0,1.12,493.0,routed
892830d6267ffff,The Preserve W 2,,9.2,0.73,354.0,routed
892830d626bffff,The Preserve,,8.8,0.7,1109.0,routed
892830d626fffff,The Preserve W,,14.5,1.16,0.0,routed
892830d6273ffff,The Preserve SW 2,,10.4,0.83,1383.0,routed
892830d6277ffff,The Preserve SW 3,,6.4,0.51,190.0,routed
892830d627bffff,The Preserve S,,8.8,0.71,1428.0,routed
892830d628bffff,The Preserve S 15,,20.7,1.65,0.0,routed
892830d62c3ffff,The Preserve S 12,,26.1,2.09,209.0,routed
892830d62c7ffff,The Preserve S 11,,18.3,1.47,4.0,routed
892830d62cbffff,The Preserve S 10,,22.6,1.81,1861.0,routed
892830d62cfffff,The Preserve S 8,,14.8,1.18,1031.0,routed
892830d62d3ffff,Norris Canyon N 2,,43.1,3.45,141.0,routed
892830d62dbffff,The Preserve S 14,,28.5,2.28,935.0,routed
892830d7003ffff,Vista San Ramon NE 2,,20.3,1.62,748.0,routed
892830d7007ffff,Vista San Ramon N 2,,27.0,2.16,682.0,routed
892830d700bffff,Siena Hills NW,,25.5,2.04,267.0,routed
892830d700fffff,Country View SE 2,,27.0,2.16,356.0,routed
892830d7013ffff,Vista San Ramon NE,,19.4,1.55,655.0,routed
892830d7017ffff,Vista San Ramon N,,13.2,1.05,591.0,routed
892830d701bffff,Siena Hills W,,17.3,1.38,824.0,routed
892830d7023ffff,Country View S,,22.9,1.83,563.0,routed
892830d7027ffff,Country View W,,18.8,1.5,1819.0,routed
892830d702bffff,Country View E,,21.0,1.68,682.0,routed
892830d702fffff,Country View,,20.4,1.63,1522.0,routed
892830d7033ffff,Country View S 2,,20.6,1.65,100.0,routed
892830d7037ffff,Country View SW,,21.3,1.7,1191.0,routed
892830d703bffff,Country View SE,,32.3,2.59,370.0,routed
892830d7043ffff,Siena Hills NE,,19.9,1.59,621.0,routed
892830d7047ffff,Bel Air SW 2,,22.3,1.78,1080.0,routed
892830d704bffff,Bel Air SE,,22.9,1.83,251.0,routed
892830d704fffff,Bel Air SW,,19.0,1.52,841.0,routed
892830d7053ffff,Siena Hills E,,14.4,1.15,1634.0,routed
892830d7057ffff,Siena Hills N,,20.3,1.63,455.0,routed
892830d705bffff,Cedar Bridge W,,27.0,2.16,51.0,routed
892830d7063ffff,Country View E 3,,26.3,2.1,797.0,routed
892830d7067ffff,Cobblestone,,23.6,1.89,596.0,routed
892830d706bffff,Canyon Crest S,,8.6,0.69,2011.0,routed
892830d706fffff,Canyon Crest SW,,3.5,0.28,1300.0,routed
892830d7073ffff,Bel Air SW 3,,27.0,2.16,293.0,routed
892830d7077ffff,Country View E 2,,25.0,2.0,1448.0,routed
892830d707bffff,Bel Air W,,21.3,1.7,1157.0,routed
892830d7083ffff,San Ramon Central Park,,0.3,0.02,1386.0,routed
892830d7087ffff,Vista San Ramon SW,,16.5,1.32,0.0,routed
892830d708bffff,Vista San Ramon SE,,8.3,0.66,1334.0,routed
892830d708fffff,Vista San Ramon,,8.7,0.7,1841.0,routed
892830d7093ffff,San Ramon,,1.2,0.09,1243.0,routed
892830d7097ffff,San Ramon W,,7.1,0.57,510.0,routed
892830d709bffff,Canyon Woods Apartments,,5.3,0.43,1965.0,routed
892830d70a3ffff,Bishop Ranch 6/City Village E,,15.6,1.25,64.0,routed
892830d70a7ffff,Bishop Ranch 6/City Village N,,15.1,1.21,1466.0,routed
892830d70abffff,Vista San Ramon NW,,17.7,1.41,533.0,routed
892830d70afffff,Park Central SE,,17.5,1.4,946.0,routed
892830d70b3ffff,Bishop Ranch 6/City Village SE,,15.5,1.24,779.0,routed
892830d70b7ffff,Bishop Ranch 6/City Village,,25.2,2.01,2852.0,routed
892830d70bbffff,Vista San Ramon W,,10.3,0.82,1187.0,routed
892830d70c3ffff,Canyon Lakes N 2,,19.3,1.54,1221.0,routed
892830d70c7ffff,Vista San Ramon E,,15.2,1.22,1829.0,routed
892830d70cbffff,Siena Hills SE,,15.2,1.22,1549.0,routed
892830d70cfffff,Siena Hills,,17.0,1.36,1832.0,routed
892830d70d3ffff,Canyon Lakes NW,,28.5,2.28,1314.0,routed
892830d70d7ffff,Canyon Lakes NW 2,,31.8,2.54,683.0,routed
892830d70dbffff,Canyon Lakes N,,21.0,1.68,1084.0,routed
892830d7107ffff,California Chateau at Danville Ranch SE 3,,11.2,0.9,733.0,routed
892830d7113ffff,California Chateau at Danville Ranch SE 5,,18.2,1.46,1009.0,routed
892830d7117ffff,California Chateau at Danville Ranch SE 4,,10.9,0.88,920.0,routed
892830d711bffff,Crow Canyon Heights W,,15.9,1.27,1463.0,routed
892830d7133ffff,California Chateau at Danville Ranch SE,,10.6,0.85,940.0,routed
892830d7137ffff,California Chateau at Danville Ranch,,9.7,0.77,539.0,routed
892830d7153ffff,Crow Canyon Heights,,22.2,1.77,1581.0,routed
892830d7157ffff,Crow Canyon Heights NW,,26.2,2.1,1379.0,routed
892830d7183ffff,The Preserve SE 7,,19.3,1.55,1521.0,routed
892830d7187ffff,The Preserve SE 4,,20.5,1.64,904.0,routed
892830d718bffff,Bishop Ranch 6/City Village NW 3,,18.7,1.5,858.0,routed
892830d718fffff,The Preserve E 3,,14.2,1.14,1466.0,routed
892830d7193ffff,Bishop Ranch 6/City Village W 6,,24.2,1.94,739.0,routed
892830d7197ffff,The Preserve SE 6,,21.5,1.72,1395.0,routed
892830d719bffff,Bishop Ranch 6/City Village W 5,,21.0,1.68,660.0,routed
892830d71a3ffff,The Preserve E,,6.8,0.55,1124.0,routed
892830d71a7ffff,The Preserve NE,,6.4,0.51,1241.0,routed
892830d71abffff,California Chateau at Danville Ranch SE 2,,13.0,1.04,344.0,routed
892830d71afffff,California Chateau at Danville Ranch S 2,,9.1,0.73,0.0,routed
892830d71b3ffff,The Preserve SE 2,,17.8,1.42,1911.0,routed
892830d71b7ffff,The Preserve SE,,14.6,1.17,925.0,routed
892830d71bbffff,The Preserve E 2,,11.9,0.95,1093.0,routed
892830d71c3ffff,Park Central NW,,7.5,0.6,995.0,routed
892830d71c7ffff,Crow Canyon Heights SW 2,,13.1,1.05,1062.0,routed
892830d71cbffff,Crow Canyon Heights S,,16.2,1.29,1137.0,routed
892830d71cfffff,Crow Canyon Heights SW,,13.8,1.1,916.0,routed
892830d71d3ffff,Bishop Ranch 6/City Village NW,,11.4,0.91,347.0,routed
892830d71d7ffff,Bishop Ranch 6/City Village NW 2,,8.5,0.68,353.0,routed
892830d71dbffff,Park Central,,10.1,0.81,209.0,routed
892830d7203ffff,Trevari,,29.1,2.33,2564.0,routed
892830d7207ffff,Portola SW,,27.3,2.19,1027.0,routed
892830d720bffff,Diablo Vista Park,,31.9,2.55,824.0,routed
892830d720fffff,Portola,,32.2,2.57,1666.0,routed
892830d7213ffff,Miravilla,,25.1,2.01,1694.0,routed
892830d7217ffff,Trevari SW,,29.5,2.36,410.0,routed
892830d721bffff,Alta Mira NW,,27.5,2.2,1726.0,routed
892830d7223ffff,Portola NW 2,,30.2,2.42,0.0,routed
892830d7233ffff,Portola W,,25.9,2.07,0.0,routed
892830d723bffff,Portola NW,,45.8,3.66,7.0,routed
892830d7243ffff,Tassajara Ranch,,50.8,4.06,0.0,routed
892830d7253ffff,Alta Mira NE 2,,30.4,2.43,0.0,routed
892830d7257ffff,Alta Mira NE,,32.3,2.59,0.0,routed
892830d725bffff,Alta Mira NE 3,,54.3,4.34,0.0,routed
892830d7273ffff,Heritage Park,,36.6,2.93,1717.0,routed
892830d7277ffff,Portola N,,44.8,3.59,1184.0,routed
892830d7283ffff,Capella W,,10.7,0.86,1181.0,routed
892830d7287ffff,Bel Air E 3,,18.6,1.49,827.0,routed
892830d728bffff,Capella,,15.8,1.26,559.0,routed
892830d728fffff,Miravilla SW,,27.2,2.18,207.0,routed
892830d7293ffff,Cedar Bridge,,11.7,0.94,1860.0,routed
892830d7297ffff,Cedar Bridge NW,,23.6,1.89,464.0,routed
892830d729bffff,Capella S,,14.2,1.14,801.0,routed
892830d72a3ffff,Bel Air NE,,27.1,2.17,612.0,routed
892830d72a7ffff,Canyon Crest SE,,11.0,0.88,902.0,routed
892830d72abffff,Portola SW 2,,22.6,1.81,779.0,routed
892830d72afffff,Canyon Crest E,,26.5,2.12,0.0,routed
892830d72b3ffff,Bel Air E,,18.5,1.48,1878.0,routed
892830d72b7ffff,Bel Air,,18.1,1.45,2166.0,routed
892830d72bbffff,Bel Air E 2,,30.1,2.41,0.0,routed
892830d72c3ffff,Monarch N,,23.5,1.88,889.0,routed
892830d72c7ffff,Alta Mira SW,,21.7,1.73,1131.0,routed
892830d72cbffff,Monarch NE,,27.9,2.23,0.0,routed
892830d72cfffff,Alta Mira,,25.9,2.07,868.0,routed
892830d72d3ffff,Monarch,,19.9,1.6,1353.0,routed
892830d72d7ffff,Monarch W,,19.6,1.57,1055.0,routed
892830d72dbffff,Monarch E,,26.5,2.12,198.0,routed
892830d7313ffff,Crow Canyon Country Club NE,,19.8,1.59,112.0,routed
892830d738bffff,Canyon Crest NW 2,,11.4,0.91,726.0,routed
892830d7393ffff,Country View NE,,20.5,1.64,1072.0,routed
892830d739bffff,Crow Canyon Country Club,,7.9,0.64,1546.0,routed
892830d73c3ffff,Canyon Crest N,,8.9,0.71,472.0,routed
892830d73c7ffff,Canyon Crest NW,,10.4,0.83,0.0,routed
892830d73cfffff,Canyon Crest N 2,,11.5,0.92,0.0,routed
892830d73d3ffff,Golden View Park,,6.9,0.55,1408.0,routed
892830d73d7ffff,Canyon Crest,,6.4,0.51,1851.0,routed
892830d73dbffff,Canyon Crest NE,,14.4,1.15,34.0,routed
892830d7403ffff,Canyon Lakes SW,,11.1,0.89,1930.0,routed
892830d7407ffff,Foothill Gardens E 5,,16.0,1.28,1452.0,routed
892830d740bffff,Canyon Lakes S 5,,15.4,1.23,1332.0,routed
892830d740fffff,Canyon Woods SW 2,,16.8,1.34,1028.0,routed
892830d7413ffff,Canyon Lakes S 10,,4.0,0.32,1467.0,routed
892830d7417ffff,Foothill Gardens SE 7,,14.9,1.2,1439.0,routed
892830d741bffff,Canyon Lakes S 8,,8.9,0.71,986.0,routed
892830d7423ffff,Foothill Gardens E 3,,18.5,1.48,80.0,routed
892830d7427ffff,Foothill Gardens NE 2,,12.8,1.02,50.0,routed
892830d742bffff,San Ramon S,,9.8,0.79,694.0,routed
892830d742fffff,San Ramon SW,,8.9,0.71,566.0,routed
892830d7433ffff,Foothill Gardens E 4,,20.6,1.65,1389.0,routed
892830d7437ffff,Foothill Gardens E 2,,22.5,1.8,158.0,routed
892830d743bffff,Canyon Woods SW 3,,18.8,1.51,1452.0,routed
892830d7443ffff,Canyon Lakes S 4,,23.7,1.89,1968.0,routed
892830d7447ffff,Canyon Lakes S 3,,21.9,1.75,1535.0,routed
892830d744bffff,Canyon Lakes SE 3,,27.0,2.16,688.0,routed
892830d744fffff,Canyon Lakes S 2,,20.8,1.67,1718.0,routed
892830d7453ffff,Canyon Lakes S 7,,23.6,1.89,2218.0,routed
892830d7457ffff,Canyon Lakes S 6,,18.7,1.5,1389.0,routed
892830d745bffff,Canyon Lakes SE 4,,29.8,2.38,1172.0,routed
892830d7463ffff,Canyon Woods,,13.0,1.04,2126.0,routed
892830d7467ffff,Canyon Woods Apartments S,,6.9,0.55,1690.0,routed
892830d746bffff,Canyon Lakes,,24.5,1.96,1096.0,routed
892830d746fffff,Canyon Woods NW,,11.4,0.91,1058.0,routed
892830d7473ffff,Canyon Woods S,,15.0,1.2,1504.0,routed
892830d7477ffff,Canyon Woods SW,,11.1,0.88,1985.0,routed
892830d747bffff,Canyon Lakes S,,16.2,1.29,1620.0,routed
892830d7483ffff,Foothill Gardens SE 12,,12.0,0.96,1399.0,routed
892830d7487ffff,Foothill Gardens SE 8,,13.7,1.1,1761.0,routed
892830d748bffff,Canyon Lakes S 12,,8.2,0.65,1527.0,routed
892830d748fffff,Foothill Gardens SE 10,,10.5,0.84,1460.0,routed
892830d7493ffff,The Gardens NW 11,,14.2,1.14,1984.0,routed
892830d7497ffff,Foothill Gardens SE 11,,16.5,1.32,1624.0,routed
892830d749bffff,Old Ranch Summit W 12,,11.6,0.93,1221.0,routed
892830d74a3ffff,Foothill Gardens SE 4,,21.3,1.71,1022.0,routed
892830d74a7ffff,Foothill Gardens SE 2,,28.5,2.28,1238.0,routed
892830d74abffff,Foothill Gardens SE 5,,18.1,1.44,981.0,routed
892830d74afffff,Foothill Gardens SE 3,,22.7,1.82,1426.0,routed
892830d74b3ffff,Foothill Gardens SE 6,,24.2,1.94,1705.0,routed
892830d74b7ffff,Foothill Gardens S 3,,27.3,2.19,333.0,routed
892830d74bbffff,Athan Downs,,13.9,1.11,825.0,routed
892830d74c3ffff,Old Ranch Summit W 9,,12.0,0.96,893.0,routed
892830d74c7ffff,Canyon Lakes S 11,,1.8,0.15,80.0,routed
892830d74cbffff,Old Ranch Summit NW 7,,26.9,2.15,1608.0,routed
892830d74cfffff,Canyon Lakes S 9,,23.2,1.86,1557.0,routed
892830d74d3ffff,Old Ranch Summit W 8,,16.1,1.28,1361.0,routed
892830d74d7ffff,Old Ranch Summit W 11,,12.1,0.97,1376.0,routed
892830d74dbffff,Old Ranch Summit W 6,,27.1,2.17,1028.0,routed
892830d7503ffff,Foothill Gardens NW 3,,35.9,2.87,869.0,routed
892830d7507ffff,Foothill Gardens NW 5,,33.4,2.67,1425.0,routed
892830d750bffff,Foothill Gardens NW 2,,34.6,2.77,1430.0,routed
892830d750fffff,Foothill Gardens NW 4,,28.8,2.3,1321.0,routed
892830d7513ffff,Foothill Gardens W 3,,42.2,3.38,1347.0,routed
892830d7517ffff,Foothill Gardens W 5,,36.0,2.88,1838.0,routed
892830d751bffff,Foothill Gardens NW,,34.5,2.76,1259.0,routed
892830d7523ffff,Bishop Ranch 6/City Village W 8,,28.1,2.25,1357.0,routed
892830d7527ffff,The Preserve S 9,,26.0,2.08,948.0,routed
892830d752bffff,Bishop Ranch 6/City Village W 7,,24.7,1.98,1321.0,routed
892830d752fffff,The Preserve SE 8,,27.7,2.22,1375.0,routed
892830d7533ffff,Foothill Gardens NW 6,,29.5,2.36,1733.0,routed
892830d7537ffff,The Preserve S 13,,22.8,1.82,1669.0,routed
892830d753bffff,Bishop Ranch 6/City Village SW 4,,27.2,2.17,1177.0,routed
892830d7543ffff,Bishop Ranch 6/City Village S 3,,17.6,1.41,383.0,routed
892830d7547ffff,Bishop Ranch 6/City Village S 2,,23.8,1.9,927.0,routed
892830d754bffff,Bishop Ranch 6/City Village SE 2,,14.5,1.16,286.0,routed
892830d754fffff,Bishop Ranch 6/City Village S,,20.9,1.67,97.0,routed
892830d7553ffff,Foothill Gardens NE,,17.3,1.38,744.0,routed
892830d7557ffff,Foothill Gardens N 2,,32.9,2.63,1004.0,routed
892830d755bffff,San Ramon SW 2,,11.5,0.92,1379.0,routed
892830d7563ffff,Bishop Ranch 6/City Village W 2,,19.1,1.53,1216.0,routed
892830d7567ffff,Bishop Ranch 6/City Village W 4,,19.5,1.56,1507.0,routed
892830d756bffff,Bishop Ranch 6/City Village W,,16.0,1.28,284.0,routed
892830d756fffff,Bishop Ranch 6/City Village W 3,,11.8,0.94,556.0,routed
892830d7573ffff,Bishop Ranch 6/City Village SW 2,,28.0,2.24,1522.0,routed
892830d7577ffff,Bishop Ranch 6/City Village SW 3,,22.4,1.79,1251.0,routed
892830d757bffff,Bishop Ranch 6/City Village SW,,21.9,1.75,752.0,routed
892830d7583ffff,Foothill Gardens SW 3,,47.8,3.83,13.0,routed
892830d7587ffff,Foothill Gardens W 7,,52.2,4.17,0.0,routed
892830d758bffff,Foothill Gardens W 2,,42.7,3.42,1297.0,routed
892830d758fffff,Foothill Gardens W 4,,41.7,3.33,896.0,routed
892830d759bffff,Foothill Gardens SW 2,,41.7,3.33,0.0,routed
892830d75a3ffff,Foothill Gardens W 9,,37.8,3.02,642.0,routed
892830d75a7ffff,Norris Canyon N,,40.4,3.23,521.0,routed
892830d75abffff,Foothill Gardens W 8,,31.5,2.52,1830.0,routed
892830d75afffff,Foothill Gardens W 10,,29.5,2.36,960.0,routed
892830d75b3ffff,Norris Canyon,,47.7,3.82,132.0,routed
892830d75bbffff,Foothill Gardens W 6,,40.0,3.2,658.0,routed
892830d75c3ffff,Foothill Gardens,,38.1,3.04,804.0,routed
892830d75c7ffff,Foothill Gardens W,,39.3,3.14,192.0,routed
892830d75cbffff,Foothill Gardens E,,33.0,2.64,689.0,routed
892830d75cfffff,Foothill Gardens N,,35.9,2.87,1719.0,routed
892830d75d3ffff,Foothill Gardens S,,34.1,2.73,651.0,routed
892830d75d7ffff,Foothill Gardens SW,,36.9,2.95,1074.0,routed
892830d75dbffff,Foothill Gardens SE,,29.7,2.38,1605.0,routed
892830d7603ffff,Carmelita,,20.4,1.63,1365.0,routed
892830d7607ffff,Carmelita NW,,14.1,1.13,174.0,routed
892830d760bffff,Rose Garden Encore,,11.2,0.89,818.0,routed
892830d760fffff,Carmelita N,,17.7,1.42,1356.0,routed
892830d7613ffff,Carmelita S,,25.6,2.05,493.0,routed
892830d7617ffff,Carmelita SW,,27.3,2.19,0.0,routed
892830d761bffff,Carmelita E,,16.3,1.31,567.0,routed
892830d7623ffff,Cedar Bridge SW 2,,7.8,0.62,1077.0,routed
892830d7627ffff,Cedar Bridge SW 3,,17.6,1.41,927.0,routed
892830d762bffff,Cedar Bridge S,,6.4,0.51,747.0,routed
892830d762fffff,Cedar Bridge SW,,4.9,0.39,1262.0,routed
892830d7633ffff,Carmelita NW 3,,11.8,0.94,1080.0,routed
892830d7637ffff,Canyon Lakes NE 3,,17.9,1.43,60.0,routed
892830d763bffff,Carmelita NW 2,,8.5,0.68,478.0,routed
892830d7643ffff,Rose Garden S,,2.0,0.16,1604.0,routed
892830d7647ffff,Rose Garden SW,,5.4,0.43,1622.0,routed
892830d764bffff,Seville N,,10.4,0.83,1253.0,routed
892830d764fffff,Rose Garden,,9.5,0.76,1884.0,routed
892830d7653ffff,Mosaic Park,,6.6,0.53,1447.0,routed
892830d7657ffff,Rose Garden Encore SE,,5.1,0.41,2014.0,routed
892830d765bffff,Seville,,7.3,0.59,1619.0,routed
892830d7663ffff,Cornerstone,,15.5,1.24,1624.0,routed
892830d7667ffff,Gale Ranch,,10.8,0.86,1072.0,routed
892830d766bffff,Villapaseo,,16.2,1.3,1294.0,routed
892830d766fffff,Renaissance,,17.1,1.37,1883.0,routed
892830d7673ffff,Wisteria,,11.2,0.9,1423.0,routed
892830d7677ffff,Cornerstone W,,13.3,1.07,886.0,routed
892830d767bffff,Bark and Ride,,10.3,0.82,1767.0,routed
892830d7683ffff,Carmelita S 3,,27.7,2.21,0.0,routed
892830d7687ffff,Carmelita SW 4,,31.2,2.49,0.0,routed
892830d768bffff,Carmelita S 2,,20.6,1.65,0.0,routed
892830d768fffff,Carmelita SW 2,,23.7,1.89,0.0,routed
892830d7693ffff,Serena & Cordova W 3,,20.5,1.64,0.0,routed
892830d7697ffff,Canyon Lakes SE 5,,32.0,2.56,69.0,routed
892830d769bffff,Serena & Cordova W 2,,22.0,1.76,0.0,routed
892830d76a3ffff,Canyon Lakes E,,28.7,2.29,0.0,routed
892830d76a7ffff,Canyon Lakes NE,,26.1,2.09,361.0,routed
892830d76abffff,Carmelita W,,15.6,1.25,79.0,routed
892830d76afffff,Canyon Lakes NE 2,,22.8,1.83,501.0,routed
892830d76b3ffff,Canyon Lakes SE 2,,27.0,2.16,199.0,routed
892830d76b7ffff,Canyon Lakes SE,,21.0,1.68,859.0,routed
892830d76bbffff,Carmelita SW 3,,29.9,2.39,0.0,routed
892830d76c3ffff,Serena & Cordova N,,9.3,0.74,574.0,routed
892830d76c7ffff,Carmelita SE,,13.9,1.11,808.0,routed
892830d76cbffff,Valencia SW,,5.9,0.47,1588.0,routed
892830d76cfffff,Carmelita SE 2,,10.0,0.8,1322.0,routed
892830d76d3ffff,Serena & Cordova,,15.9,1.27,1280.0,routed
892830d76d7ffff,Serena & Cordova NW,,15.8,1.27,1310.0,routed
892830d76dbffff,Serena & Cordova NE,,9.7,0.78,416.0,routed
8928346da03ffff,West Dublin N 6,,29.4,2.35,1118.0,routed
8928346da07ffff,West Dublin N 7,,19.6,1.57,655.0,routed
8928346da0bffff,The Gardens NW 4,,17.7,1.42,1389.0,routed
8928346da0fffff,West Dublin N 8,,3.5,0.28,1279.0,routed
8928346da13ffff,West Dublin N 3,,24.1,1.93,558.0,routed
8928346da17ffff,West Dublin N 5,,27.7,2.21,0.0,routed
8928346da1bffff,West Dublin N 4,,15.9,1.28,1716.0,routed
8928346da23ffff,West Dublin N 10,,12.6,1.01,660.0,routed
8928346da27ffff,West Dublin NW 7,,17.6,1.41,792.0,routed
8928346da2bffff,The Gardens NW 10,,10.5,0.84,2583.0,routed
8928346da2fffff,West Dublin N 11,,13.5,1.08,770.0,routed
8928346da33ffff,West Dublin NW 4,,16.1,1.29,164.0,routed
8928346da37ffff,West Dublin NW 5,,29.3,2.34,0.0,routed
8928346da3bffff,West Dublin N 9,,8.5,0.68,336.0,routed
8928346da43ffff,The Gardens NW,,9.4,0.76,1247.0,routed
8928346da47ffff,The Gardens NW 3,,16.6,1.32,1218.0,routed
8928346da4bffff,The Gardens N 2,,11.3,0.91,349.0,routed
8928346da4fffff,The Gardens N 3,,16.4,1.31,1373.0,routed
8928346da53ffff,The Gardens,,7.7,0.61,1724.0,routed
8928346da57ffff,The Gardens NW 2,,12.3,0.98,1071.0,routed
8928346da5bffff,The Gardens N,,6.2,0.5,1382.0,routed
8928346da63ffff,The Gardens NW 7,,16.8,1.34,769.0,routed
8928346da67ffff,The Gardens NW 9,,14.2,1.13,1225.0,routed
8928346da6bffff,Old Ranch Summit W 7,,15.4,1.24,1190.0,routed
8928346da6fffff,Old Ranch Summit W 10,,14.9,1.19,1367.0,routed
8928346da73ffff,The Gardens NW 6,,17.0,1.36,1476.0,routed
8928346da77ffff,The Gardens NW 8,,12.0,0.96,1850.0,routed
8928346da7bffff,The Gardens NW 5,,19.8,1.58,1220.0,routed
8928346da83ffff,West Dublin NW,,24.4,1.95,0.0,routed
8928346da8bffff,West Dublin N,,22.8,1.82,0.0,routed
8928346da8fffff,West Dublin NW 2,,25.2,2.02,0.0,routed
8928346daabffff,West Dublin NW 3,,39.9,3.19,0.0,routed
8928346dac3ffff,Village Parkway NW 3,,16.4,1.32,1347.0,routed
8928346dac7ffff,West Dublin N 2,,21.6,1.73,1435.0,routed
8928346dacbffff,The Vintner,,8.1,0.65,1487.0,routed
8928346dacfffff,The Vintner W,,11.0,0.88,1088.0,routed
8928346dad7ffff,West Dublin,,16.3,1.31,1446.0,routed
8928346dadbffff,Village Parkway NW 2,,11.0,0.88,1622.0,routed
8928346db43ffff,Foothill Gardens S 6,,27.4,2.2,84.0,routed
8928346db4bffff,Foothill Gardens SE 9,,22.3,1.78,1634.0,routed
8928346db4fffff,Foothill Gardens S 5,,31.4,2.51,482.0,routed
8928346db53ffff,Foothill Gardens S 8,,23.1,1.85,0.0,routed
8928346db5bffff,Foothill Gardens S 7,,19.4,1.55,594.0,routed
8928346db6bffff,Foothill Gardens S 2,,33.8,2.7,86.0,routed
8928346db7bffff,Foothill Gardens S 4,,33.0,2.64,0.0,routed
8928346dbcbffff,West Dublin NW 6,,22.0,1.76,0.0,routed
