h3,lst_c,green_pct
8829a11001fffff,38.53,37.67
8829a11009fffff,42.59,25.78
8829a1100bfffff,39.66,35.13
8829a1100dfffff,43.2,21.56
8829a11041fffff,48.1,14.25
8829a11043fffff,47.72,11.06
8829a11045fffff,47.47,15.64
8829a11047fffff,47.1,14.2
8829a11049fffff,48.18,16.28
8829a1104bfffff,47.42,16.96
8829a1104dfffff,48.55,11.18
8829a11051fffff,47.09,15.54
8829a11053fffff,40.89,32.15
8829a11055fffff,43.38,23.0
8829a11057fffff,40.24,30.13
8829a11059fffff,46.85,16.92
8829a1105bfffff,45.56,17.08
8829a1105dfffff,47.95,13.56
8829a11061fffff,42.28,32.62
8829a11063fffff,39.35,34.19
8829a11065fffff,42.87,23.21
8829a11067fffff,38.01,38.44
8829a11069fffff,48.21,16.23
8829a1106bfffff,47.55,14.18
8829a1106dfffff,46.54,20.4
8829a11141fffff,38.21,34.37
8829a11143fffff,34.22,42.02
8829a11145fffff,39.87,32.82
8829a11147fffff,37.16,38.84
8829a11149fffff,42.13,25.39
8829a1114bfffff,36.46,35.03
8829a1114dfffff,39.39,34.79
8829a11151fffff,36.93,28.21
8829a11159fffff,39.1,19.19
8829a1115bfffff,38.38,30.8
8829a1115dfffff,34.53,36.4
8829a11169fffff,40.4,32.92
8829a1116bfffff,38.89,33.73
8829a1116dfffff,40.85,30.08
8829a11201fffff,44.48,23.45
8829a11203fffff,44.96,21.51
8829a11205fffff,48.11,11.02
8829a11207fffff,44.45,22.82
8829a11209fffff,47.85,12.43
8829a1120bfffff,47.75,14.64
8829a1120dfffff,46.13,22.84
8829a11211fffff,45.55,22.87
8829a11213fffff,44.09,28.7
8829a11215fffff,48.72,8.16
8829a11217fffff,48.97,4.33
8829a11219fffff,47.14,21.23
8829a1121bfffff,45.09,25.22
8829a1121dfffff,47.1,15.83
8829a11221fffff,49.0,15.71
8829a11223fffff,48.29,16.14
8829a11225fffff,48.38,17.47
8829a11227fffff,49.24,14.3
8829a11229fffff,50.11,10.46
8829a1122bfffff,48.23,14.45
8829a1122dfffff,49.46,11.24
8829a11231fffff,48.56,13.74
8829a11233fffff,49.71,11.16
8829a11235fffff,49.24,11.22
8829a11237fffff,48.65,12.01
8829a11239fffff,47.1,12.55
8829a1123bfffff,49.36,4.43
8829a1123dfffff,47.63,16.33
8829a11241fffff,48.8,12.57
8829a11243fffff,47.44,14.31
8829a11245fffff,48.54,18.13
8829a11247fffff,47.91,13.47
8829a11249fffff,47.63,15.43
8829a1124bfffff,47.87,17.04
8829a1124dfffff,48.07,17.07
8829a11251fffff,47.97,16.95
8829a11253fffff,48.8,14.63
8829a11255fffff,47.7,16.41
8829a11257fffff,48.5,13.67
8829a11259fffff,48.59,17.58
8829a1125bfffff,48.84,14.63
8829a1125dfffff,48.07,17.2
8829a11261fffff,47.47,10.35
8829a11263fffff,48.33,12.93
8829a11265fffff,48.99,10.54
8829a11267fffff,49.24,10.32
8829a11269fffff,49.48,10.18
8829a1126bfffff,48.02,13.81
8829a1126dfffff,48.63,13.67
8829a11281fffff,47.0,11.26
8829a11283fffff,44.45,20.18
8829a11285fffff,46.93,8.03
8829a11287fffff,46.37,13.02
8829a11289fffff,40.1,33.12
8829a1128bfffff,39.09,35.3
8829a1128dfffff,43.42,24.69
8829a11291fffff,37.22,36.52
8829a11295fffff,37.35,35.13
8829a11299fffff,37.02,36.44
8829a1129bfffff,34.9,44.92
8829a1129dfffff,36.61,40.03
8829a112a1fffff,39.43,31.68
8829a112a5fffff,39.0,32.36
8829a112a9fffff,41.97,25.85
8829a112abfffff,41.65,21.44
8829a112adfffff,41.78,23.95
8829a112b9fffff,40.31,26.38
8829a112c1fffff,46.25,15.29
8829a112c3fffff,43.4,23.58
8829a112c5fffff,46.26,19.24
8829a112c7fffff,42.81,29.95
8829a112c9fffff,44.06,20.56
8829a112cbfffff,43.54,21.18
8829a112cdfffff,45.76,19.73
8829a112d1fffff,38.59,29.11
8829a112d3fffff,41.18,26.69
8829a112d5fffff,40.04,35.81
8829a112d7fffff,38.88,31.47
8829a112d9fffff,41.96,25.8
8829a112dbfffff,41.56,27.61
8829a112ddfffff,42.09,27.52
8829a112e1fffff,45.77,5.43
8829a112e3fffff,44.51,18.74
8829a112e5fffff,47.72,9.55
8829a112e7fffff,47.21,10.51
8829a112e9fffff,44.41,16.32
8829a112ebfffff,46.1,13.61
8829a112edfffff,47.13,8.25
8829a11301fffff,44.54,17.88
8829a11303fffff,41.08,29.14
8829a11305fffff,44.45,20.65
8829a11307fffff,41.05,24.72
8829a11309fffff,47.65,12.81
8829a1130bfffff,45.23,14.51
8829a1130dfffff,45.5,16.83
8829a11311fffff,48.03,12.79
8829a11313fffff,47.77,12.25
8829a11315fffff,44.25,21.0
8829a11317fffff,44.16,26.96
8829a11319fffff,49.05,10.85
8829a1131bfffff,48.24,15.51
8829a1131dfffff,47.67,6.24
8829a11321fffff,42.23,23.31
8829a11323fffff,42.66,24.85
8829a11325fffff,42.13,23.02
8829a11327fffff,43.11,21.32
8829a11329fffff,41.19,26.51
8829a1132bfffff,42.5,21.63
8829a1132dfffff,42.39,23.78
8829a11331fffff,41.43,24.05
8829a11333fffff,42.76,25.65
8829a11335fffff,38.97,32.33
8829a11337fffff,38.66,30.67
8829a11339fffff,41.78,21.09
8829a1133bfffff,46.59,17.25
8829a1133dfffff,41.45,20.33
8829a11341fffff,44.16,19.74
8829a11343fffff,48.39,11.73
8829a11345fffff,42.94,16.17
8829a11347fffff,47.14,15.17
8829a11349fffff,45.64,19.81
8829a1134bfffff,47.73,13.94
8829a1134dfffff,40.4,29.29
8829a11351fffff,49.59,10.55
8829a11353fffff,50.52,7.78
8829a11355fffff,48.17,12.42
8829a11357fffff,50.33,5.88
8829a11359fffff,50.13,8.1
8829a1135bfffff,49.98,5.34
8829a1135dfffff,49.55,11.48
8829a11361fffff,43.55,21.62
8829a11363fffff,42.28,25.48
8829a11365fffff,40.84,22.78
8829a11367fffff,41.72,23.96
8829a11369fffff,46.27,11.77
8829a1136bfffff,46.66,16.74
8829a1136dfffff,45.11,18.14
8829a11641fffff,41.08,30.03
8829a11643fffff,39.22,34.4
8829a11645fffff,39.2,32.32
8829a11647fffff,38.77,38.43
8829a11649fffff,38.09,36.85
8829a1164bfffff,40.22,33.06
8829a1164dfffff,39.68,32.31
8829a1165dfffff,38.51,40.83
8829a11669fffff,38.05,30.41
8829a1166dfffff,35.66,42.33
8829a11749fffff,36.92,38.85
8829a1174dfffff,38.82,36.04
8829a11a49fffff,41.06,25.85
8829a11a4dfffff,38.14,33.34
8829a18001fffff,34.11,40.6
8829a18003fffff,31.86,45.0
8829a18005fffff,32.56,41.77
8829a18007fffff,33.31,41.56
8829a18009fffff,32.44,45.0
8829a1800bfffff,31.58,45.0
8829a1800dfffff,32.69,41.89
8829a18011fffff,33.53,40.92
8829a18013fffff,37.57,29.68
8829a18015fffff,30.97,44.83
8829a18017fffff,36.03,34.48
8829a18019fffff,34.15,41.94
8829a1801bfffff,34.21,41.18
8829a1801dfffff,31.49,45.0
8829a18021fffff,33.57,39.78
8829a18023fffff,34.48,41.93
8829a18025fffff,35.41,34.53
8829a18027fffff,35.67,35.86
8829a18029fffff,34.01,39.41
8829a1802bfffff,33.12,45.0
8829a1802dfffff,35.42,31.75
8829a18031fffff,33.84,43.72
8829a18033fffff,36.06,37.23
8829a18035fffff,36.98,35.51
8829a18037fffff,36.35,39.06
8829a18039fffff,33.23,40.21
8829a1803bfffff,34.02,42.07
8829a1803dfffff,34.94,36.67
8829a18041fffff,36.48,37.84
8829a18043fffff,36.62,36.83
8829a18045fffff,32.08,45.0
8829a18047fffff,35.18,39.08
8829a18049fffff,31.95,45.0
8829a1804bfffff,32.88,41.18
8829a1804dfffff,31.02,44.62
8829a18051fffff,33.86,41.76
8829a18053fffff,34.2,40.93
8829a18055fffff,34.54,45.0
8829a18057fffff,32.69,45.0
8829a18059fffff,29.46,45.0
8829a1805bfffff,33.19,41.42
8829a1805dfffff,35.41,37.12
8829a18061fffff,29.63,43.58
8829a18063fffff,31.31,44.23
8829a18065fffff,32.67,44.41
8829a18067fffff,33.66,37.93
8829a18069fffff,28.63,45.0
8829a1806bfffff,29.91,45.0
8829a1806dfffff,32.35,43.59
8829a18081fffff,41.13,27.32
8829a18083fffff,41.23,31.48
8829a18085fffff,43.04,22.92
8829a18087fffff,41.87,30.89
8829a18089fffff,41.37,28.55
8829a1808bfffff,42.11,26.71
8829a1808dfffff,39.97,32.98
8829a180a1fffff,41.71,23.53
8829a180a3fffff,42.78,21.58
8829a180a5fffff,43.55,20.08
8829a180a7fffff,43.91,21.81
8829a180a9fffff,41.94,26.11
8829a180abfffff,39.75,32.65
8829a180adfffff,42.49,24.6
8829a180b1fffff,43.2,24.36
8829a180b3fffff,43.71,24.96
8829a180b5fffff,45.2,20.68
8829a180b7fffff,43.87,26.31
8829a180b9fffff,43.57,23.09
8829a180bbfffff,43.79,24.92
8829a180bdfffff,43.56,20.61
8829a180c1fffff,38.66,34.01
8829a180c3fffff,40.13,31.75
8829a180c5fffff,37.75,39.98
8829a180c7fffff,38.43,34.28
8829a180c9fffff,39.29,32.38
8829a180cbfffff,37.43,38.08
8829a180cdfffff,38.16,33.4
8829a180e1fffff,37.75,36.05
8829a180e3fffff,40.04,32.97
8829a180e5fffff,35.83,38.22
8829a180e7fffff,38.4,34.14
8829a180e9fffff,38.15,31.61
8829a180ebfffff,37.81,36.84
8829a180edfffff,37.59,32.92
8829a18101fffff,34.39,41.64
8829a18103fffff,33.13,45.0
8829a18105fffff,33.6,40.93
8829a18107fffff,33.48,45.0
8829a18109fffff,32.95,45.0
8829a1810bfffff,33.76,41.46
8829a1810dfffff,32.63,45.0
8829a18111fffff,34.86,41.15
8829a18113fffff,37.28,36.31
8829a18115fffff,35.43,39.08
8829a18117fffff,35.93,37.16
8829a18119fffff,37.44,30.51
8829a1811bfffff,34.6,40.75
8829a1811dfffff,35.01,39.37
8829a18121fffff,33.0,43.99
8829a18123fffff,34.06,42.43
8829a18125fffff,33.44,40.99
8829a18127fffff,35.75,37.88
8829a18129fffff,32.49,44.72
8829a1812bfffff,33.92,43.76
8829a1812dfffff,32.72,44.18
8829a18131fffff,35.8,35.81
8829a18133fffff,36.57,36.18
8829a18135fffff,35.63,38.92
8829a18137fffff,36.74,37.53
8829a18139fffff,34.59,40.69
8829a1813bfffff,35.85,39.87
8829a1813dfffff,34.77,40.13
8829a18141fffff,31.07,45.0
8829a18143fffff,32.07,45.0
8829a18145fffff,30.59,45.0
8829a18147fffff,32.49,45.0
8829a18149fffff,29.97,45.0
8829a1814bfffff,35.52,37.24
8829a1814dfffff,30.04,45.0
8829a18151fffff,32.77,40.36
8829a18153fffff,35.13,33.6
8829a18155fffff,33.35,41.36
8829a18157fffff,34.76,38.56
8829a18159fffff,32.08,42.44
8829a1815bfffff,34.23,30.28
8829a1815dfffff,32.88,43.96
8829a18161fffff,32.7,41.73
8829a18163fffff,32.17,44.14
8829a18165fffff,32.68,42.64
8829a18167fffff,33.18,44.42
8829a18169fffff,31.12,45.0
8829a1816bfffff,32.09,42.51
8829a1816dfffff,34.96,39.24
8829a18181fffff,40.01,28.5
8829a18183fffff,40.17,35.64
8829a18185fffff,40.26,25.57
8829a18187fffff,41.72,26.45
8829a18189fffff,39.57,28.6
8829a1818bfffff,40.57,25.16
8829a1818dfffff,38.63,31.02
8829a18191fffff,44.8,21.33
8829a18193fffff,44.33,17.61
8829a18195fffff,43.79,22.84
8829a18197fffff,45.91,16.03
8829a18199fffff,43.54,23.84
8829a1819bfffff,43.94,23.1
8829a1819dfffff,43.28,21.81
8829a181a1fffff,41.74,26.57
8829a181a3fffff,44.08,21.34
8829a181a5fffff,42.23,26.93
8829a181a7fffff,44.77,24.04
8829a181a9fffff,40.41,25.68
8829a181abfffff,41.71,25.27
8829a181adfffff,41.03,26.8
8829a181b1fffff,46.88,13.34
8829a181b3fffff,47.56,11.17
8829a181b5fffff,46.83,19.56
8829a181b7fffff,46.73,18.85
8829a181b9fffff,44.43,21.09
8829a181bbfffff,47.57,11.63
8829a181bdfffff,43.61,18.51
8829a181c1fffff,39.57,31.61
8829a181c3fffff,38.51,33.89
8829a181c5fffff,38.98,32.28
8829a181c7fffff,40.39,28.36
8829a181c9fffff,36.37,37.88
8829a181cbfffff,37.49,36.29
8829a181cdfffff,38.82,30.19
8829a181d1fffff,39.15,30.39
8829a181d3fffff,44.36,19.0
8829a181d5fffff,39.83,26.1
8829a181d7fffff,40.73,25.48
8829a181d9fffff,35.36,39.87
8829a181dbfffff,37.74,31.06
8829a181ddfffff,38.41,32.9
8829a181e1fffff,39.42,28.12
8829a181e3fffff,37.76,31.89
8829a181e5fffff,38.69,27.56
8829a181e7fffff,40.18,28.69
8829a181e9fffff,38.91,31.18
8829a181ebfffff,38.94,32.71
8829a181edfffff,37.02,35.83
8829a18201fffff,22.26,0.0
8829a18203fffff,28.12,0.0
8829a18205fffff,22.33,0.0
8829a18207fffff,29.75,18.07
8829a18209fffff,21.79,0.0
8829a1820bfffff,22.02,0.0
8829a1820dfffff,21.87,0.0
8829a18211fffff,32.84,24.72
8829a18213fffff,34.39,37.86
8829a18215fffff,33.97,32.63
8829a18217fffff,33.14,38.25
8829a18219fffff,22.01,0.0
8829a1821bfffff,29.91,9.77
8829a1821dfffff,23.51,0.0
8829a18221fffff,31.46,40.51
8829a18223fffff,30.93,43.79
8829a18225fffff,29.55,43.37
8829a18227fffff,30.37,45.0
8829a18229fffff,24.21,0.0
8829a1822bfffff,33.71,27.66
8829a1822dfffff,23.75,0.0
8829a18231fffff,29.23,45.0
8829a18233fffff,30.42,44.31
8829a18235fffff,30.64,43.83
8829a18237fffff,30.48,44.12
8829a18239fffff,30.99,40.05
8829a1823bfffff,32.56,39.67
8829a1823dfffff,33.31,38.11
8829a18241fffff,21.12,0.0
8829a18243fffff,21.44,0.0
8829a18245fffff,20.98,0.0
8829a18247fffff,21.48,0.0
8829a18249fffff,20.65,0.0
8829a1824bfffff,21.01,0.0
8829a1824dfffff,20.73,0.0
8829a18251fffff,21.6,0.0
8829a18253fffff,21.73,0.0
8829a18255fffff,21.69,0.0
8829a18257fffff,21.83,0.0
8829a18259fffff,21.29,0.0
8829a1825bfffff,21.53,0.0
8829a1825dfffff,21.31,0.0
8829a18261fffff,21.54,0.0
8829a18263fffff,21.92,0.0
8829a18265fffff,21.51,0.0
8829a18267fffff,21.84,0.0
8829a18269fffff,21.0,0.0
8829a1826bfffff,21.5,0.0
8829a1826dfffff,21.01,0.0
8829a182a1fffff,34.08,45.0
8829a182a3fffff,33.23,43.63
8829a182a5fffff,32.78,45.0
8829a182a7fffff,34.37,41.72
8829a182a9fffff,36.8,35.64
8829a182abfffff,34.15,40.83
8829a182adfffff,36.05,41.41
8829a182e1fffff,30.88,43.52
8829a182e3fffff,37.19,30.7
8829a182e5fffff,34.24,38.95
8829a182e7fffff,33.65,43.09
8829a182e9fffff,32.53,42.95
8829a182ebfffff,34.68,40.12
8829a182edfffff,34.82,35.78
8829a18301fffff,34.24,31.82
8829a18303fffff,30.64,43.38
8829a18305fffff,36.54,23.59
8829a18307fffff,30.93,42.9
8829a18309fffff,22.87,0.0
8829a1830bfffff,32.17,4.04
8829a1830dfffff,28.88,0.0
8829a18311fffff,28.66,45.0
8829a18313fffff,30.46,45.0
8829a18315fffff,29.54,45.0
8829a18317fffff,29.17,45.0
8829a18319fffff,29.99,41.63
8829a1831bfffff,30.9,42.76
8829a1831dfffff,29.84,42.6
8829a18321fffff,33.04,39.45
8829a18323fffff,32.65,40.56
8829a18325fffff,29.15,45.0
8829a18327fffff,28.96,45.0
8829a18329fffff,36.79,25.31
8829a1832bfffff,37.32,24.07
8829a1832dfffff,36.52,25.17
8829a18331fffff,30.95,45.0
8829a18333fffff,35.05,34.84
8829a18335fffff,33.68,33.22
8829a18337fffff,35.86,31.21
8829a18339fffff,29.58,45.0
8829a1833bfffff,31.94,45.0
8829a1833dfffff,32.48,38.02
8829a18341fffff,21.18,0.0
8829a18343fffff,21.29,0.0
8829a18345fffff,21.42,0.0
8829a18347fffff,21.56,0.0
8829a18349fffff,20.82,0.0
8829a1834bfffff,20.99,0.0
8829a1834dfffff,20.97,0.0
8829a18351fffff,21.63,0.0
8829a18353fffff,26.77,0.0
8829a18355fffff,21.69,0.0
8829a18357fffff,29.86,9.54
8829a18359fffff,21.32,0.0
8829a1835bfffff,21.86,0.0
8829a1835dfffff,21.16,0.0
8829a18361fffff,29.04,0.0
8829a18363fffff,34.28,16.53
8829a18365fffff,37.22,23.37
8829a18367fffff,36.41,26.2
8829a18369fffff,21.56,0.0
8829a1836bfffff,21.88,0.0
8829a1836dfffff,23.97,0.0
8829a18801fffff,46.44,17.26
8829a18803fffff,47.98,3.63
8829a18805fffff,45.29,21.51
8829a18807fffff,46.96,16.95
8829a18809fffff,45.97,14.7
8829a1880bfffff,46.65,17.67
8829a1880dfffff,44.9,22.37
8829a18811fffff,47.08,18.01
8829a18813fffff,46.42,18.15
8829a18815fffff,47.36,15.51
8829a18817fffff,48.25,13.0
8829a18819fffff,45.38,12.68
8829a1881bfffff,45.12,16.04
8829a1881dfffff,48.81,7.74
8829a18821fffff,47.33,11.88
8829a18823fffff,48.11,11.85
8829a18825fffff,48.31,11.09
8829a18827fffff,49.11,12.08
8829a18829fffff,46.48,16.2
8829a1882bfffff,47.27,15.43
8829a1882dfffff,47.41,13.39
8829a18831fffff,48.21,14.59
8829a18833fffff,49.3,7.64
8829a18835fffff,48.75,12.33
8829a18837fffff,49.55,8.19
8829a18839fffff,47.91,12.08
8829a1883bfffff,48.57,11.4
8829a1883dfffff,47.14,17.46
8829a18841fffff,45.41,12.9
8829a18843fffff,45.63,17.27
8829a18845fffff,45.09,18.59
8829a18847fffff,45.55,25.36
8829a18849fffff,40.19,29.57
8829a1884bfffff,44.46,13.06
8829a1884dfffff,43.08,20.85
8829a18851fffff,45.38,15.06
8829a18853fffff,42.75,18.97
8829a18855fffff,46.1,18.01
8829a18857fffff,46.97,17.34
8829a18859fffff,45.13,10.47
8829a1885bfffff,44.7,19.77
8829a1885dfffff,44.97,19.17
8829a18861fffff,44.95,19.88
8829a18863fffff,44.65,20.1
8829a18865fffff,46.38,14.56
8829a18867fffff,47.03,16.84
8829a18869fffff,44.46,21.59
8829a1886bfffff,45.35,21.54
8829a1886dfffff,44.65,18.5
8829a18881fffff,49.03,11.29
8829a18883fffff,48.07,12.87
8829a18885fffff,49.0,11.65
8829a18887fffff,47.69,17.24
8829a18889fffff,50.75,5.58
8829a1888bfffff,48.02,8.45
8829a1888dfffff,50.58,0.4
8829a18891fffff,44.59,24.51
8829a18893fffff,45.84,19.64
8829a18895fffff,46.29,19.31
8829a18897fffff,46.08,21.77
8829a18899fffff,46.15,20.57
8829a1889bfffff,46.68,19.66
8829a1889dfffff,45.89,21.72
8829a188a1fffff,50.34,6.52
8829a188a3fffff,47.13,15.26
8829a188a5fffff,48.41,12.08
8829a188a7fffff,47.84,15.2
8829a188a9fffff,49.21,6.65
8829a188abfffff,47.59,16.73
8829a188adfffff,49.28,11.77
8829a188b1fffff,47.78,15.68
8829a188b3fffff,48.37,15.48
8829a188b5fffff,48.35,14.03
8829a188b7fffff,48.57,16.07
8829a188b9fffff,47.78,16.93
8829a188bbfffff,47.61,16.48
8829a188bdfffff,48.3,15.59
8829a188c1fffff,49.77,5.92
8829a188c3fffff,47.96,14.07
8829a188c5fffff,47.91,13.59
8829a188c7fffff,50.35,7.26
8829a188c9fffff,46.34,18.52
8829a188cbfffff,47.58,17.19
8829a188cdfffff,47.9,14.9
8829a188d1fffff,47.07,20.27
8829a188d3fffff,48.36,15.97
8829a188d5fffff,47.57,15.72
8829a188d7fffff,48.0,16.33
8829a188d9fffff,47.02,17.6
8829a188dbfffff,47.78,17.98
8829a188ddfffff,47.13,18.38
8829a188e1fffff,49.55,10.11
8829a188e3fffff,50.17,1.41
8829a188e5fffff,50.1,6.12
8829a188e7fffff,48.28,14.45
8829a188e9fffff,47.78,12.0
8829a188ebfffff,48.61,10.16
8829a188edfffff,48.15,15.18
8829a18901fffff,48.98,8.63
8829a18903fffff,51.24,0.98
8829a18905fffff,45.58,19.12
8829a18907fffff,50.33,3.54
8829a18909fffff,48.43,11.15
8829a1890bfffff,48.49,11.64
8829a1890dfffff,47.24,15.9
8829a18911fffff,49.99,1.5
8829a18913fffff,49.88,7.74
8829a18915fffff,49.86,8.15
8829a18917fffff,49.08,10.41
8829a18919fffff,48.22,10.55
8829a1891bfffff,49.06,9.54
8829a1891dfffff,49.0,4.94
8829a18921fffff,49.09,2.42
8829a18923fffff,48.67,6.89
8829a18925fffff,47.28,15.19
8829a18927fffff,45.49,15.29
8829a18929fffff,49.02,3.21
8829a1892bfffff,49.25,0.45
8829a1892dfffff,48.12,7.7
8829a18931fffff,48.62,10.7
8829a18933fffff,48.01,5.27
8829a18935fffff,48.99,5.85
8829a18937fffff,48.62,6.04
8829a18939fffff,49.19,9.04
8829a1893bfffff,48.8,10.5
8829a1893dfffff,49.87,4.87
8829a18941fffff,47.34,6.49
8829a18943fffff,47.9,7.29
8829a18945fffff,46.51,16.47
8829a18947fffff,47.66,11.5
8829a18949fffff,45.85,9.44
8829a1894bfffff,45.95,10.88
8829a1894dfffff,45.09,18.76
8829a18951fffff,46.24,15.37
8829a18953fffff,47.42,10.67
8829a18955fffff,48.11,11.06
8829a18957fffff,48.26,10.64
8829a18959fffff,47.47,12.92
8829a1895bfffff,46.59,17.66
8829a1895dfffff,45.6,15.22
8829a18961fffff,46.5,15.81
8829a18963fffff,47.58,12.33
8829a18965fffff,46.79,15.28
8829a18967fffff,47.49,12.69
8829a18969fffff,46.39,14.23
8829a1896bfffff,46.09,14.34
8829a1896dfffff,46.26,16.86
8829a18981fffff,48.38,11.26
8829a18983fffff,48.43,11.7
8829a18985fffff,47.52,7.98
8829a18987fffff,48.64,10.12
8829a18989fffff,47.02,12.22
8829a1898bfffff,48.97,12.34
8829a1898dfffff,47.11,5.57
8829a18991fffff,49.06,13.28
8829a18993fffff,49.45,10.38
8829a18995fffff,48.68,12.12
8829a18997fffff,48.61,11.48
8829a18999fffff,49.19,10.23
8829a1899bfffff,49.04,11.64
8829a1899dfffff,49.01,12.88
8829a189a1fffff,45.53,3.13
8829a189a3fffff,50.04,1.77
8829a189a5fffff,45.35,13.71
8829a189a7fffff,44.55,14.25
8829a189a9fffff,49.01,7.65
8829a189abfffff,47.65,6.3
8829a189adfffff,49.19,5.2
8829a189b1fffff,49.59,10.37
8829a189b3fffff,49.61,10.32
8829a189b5fffff,47.48,11.17
8829a189b7fffff,49.0,7.92
8829a189b9fffff,49.08,10.79
8829a189bbfffff,49.29,10.88
8829a189bdfffff,49.07,11.7
8829a189c1fffff,48.98,12.08
8829a189c3fffff,48.78,11.26
8829a189c5fffff,48.25,9.85
8829a189c7fffff,47.01,6.97
8829a189c9fffff,50.91,0.0
8829a189cbfffff,49.78,6.02
8829a189cdfffff,50.32,1.97
8829a189d1fffff,49.05,14.05
8829a189d3fffff,50.24,8.65
8829a189d5fffff,49.05,10.05
8829a189d7fffff,49.17,11.4
8829a189d9fffff,49.58,8.25
8829a189dbfffff,49.73,6.5
8829a189ddfffff,48.44,14.46
8829a189e1fffff,48.77,9.91
8829a189e3fffff,48.26,11.24
8829a189e5fffff,48.99,0.05
8829a189e7fffff,48.6,5.91
8829a189e9fffff,49.14,10.57
8829a189ebfffff,48.39,8.5
8829a189edfffff,49.81,5.14
8829a18a01fffff,34.29,39.72
8829a18a03fffff,36.81,30.49
8829a18a05fffff,35.6,33.03
8829a18a07fffff,35.43,35.85
8829a18a09fffff,33.81,45.0
8829a18a0bfffff,35.72,36.98
8829a18a0dfffff,31.47,18.7
8829a18a11fffff,40.41,23.38
8829a18a13fffff,40.44,26.11
8829a18a15fffff,40.06,23.96
8829a18a17fffff,40.63,24.86
8829a18a19fffff,32.92,45.0
8829a18a1bfffff,36.33,35.5
8829a18a1dfffff,37.12,30.81
8829a18a21fffff,36.44,35.21
8829a18a23fffff,37.93,31.07
8829a18a25fffff,36.38,34.65
8829a18a27fffff,37.83,29.55
8829a18a29fffff,37.09,30.88
8829a18a2bfffff,36.12,31.79
8829a18a2dfffff,36.63,32.79
8829a18a31fffff,38.98,32.75
8829a18a33fffff,41.15,24.66
8829a18a35fffff,38.68,28.99
8829a18a37fffff,41.71,21.95
8829a18a39fffff,39.65,26.62
8829a18a3bfffff,40.25,26.57
8829a18a3dfffff,36.64,31.17
8829a18a41fffff,36.3,30.58
8829a18a43fffff,33.92,41.85
8829a18a45fffff,35.9,38.13
8829a18a47fffff,36.97,34.28
8829a18a49fffff,36.64,30.81
8829a18a4bfffff,37.8,25.67
8829a18a4dfffff,36.53,34.06
8829a18a51fffff,37.9,32.04
8829a18a53fffff,34.68,40.74
8829a18a55fffff,37.19,29.65
8829a18a57fffff,36.54,41.15
8829a18a59fffff,32.88,44.01
8829a18a5bfffff,32.09,45.0
8829a18a5dfffff,38.31,35.12
8829a18a61fffff,34.9,43.6
8829a18a63fffff,34.12,40.31
8829a18a65fffff,35.2,38.14
8829a18a67fffff,35.35,41.07
8829a18a69fffff,35.38,36.89
8829a18a6bfffff,34.5,33.4
8829a18a6dfffff,36.08,34.42
8829a18a81fffff,45.03,20.14
8829a18a83fffff,48.64,5.92
8829a18a85fffff,45.22,21.61
8829a18a87fffff,45.54,17.95
8829a18a89fffff,42.06,30.66
8829a18a8bfffff,46.79,15.98
8829a18a8dfffff,40.83,29.8
8829a18a91fffff,48.87,6.43
8829a18a93fffff,47.07,18.32
8829a18a95fffff,48.5,14.03
8829a18a97fffff,47.97,12.72
8829a18a99fffff,45.22,21.58
8829a18a9bfffff,45.73,18.52
8829a18a9dfffff,47.28,12.42
8829a18aa1fffff,37.98,45.0
8829a18aa3fffff,39.92,28.79
8829a18aa5fffff,43.18,21.69
8829a18aa7fffff,42.4,34.84
8829a18aa9fffff,42.88,28.7
8829a18aabfffff,43.33,25.98
8829a18aadfffff,42.47,22.34
8829a18ab1fffff,47.35,16.68
8829a18ab3fffff,47.16,18.77
8829a18ab5fffff,47.03,15.91
8829a18ab7fffff,46.69,19.32
8829a18ab9fffff,48.01,17.7
8829a18abbfffff,46.8,18.06
8829a18abdfffff,44.83,22.94
8829a18ac1fffff,36.06,36.98
8829a18ac3fffff,40.02,17.92
8829a18ac5fffff,40.48,28.76
8829a18ac7fffff,39.1,4.89
8829a18ac9fffff,34.58,42.52
8829a18acbfffff,36.6,37.39
8829a18acdfffff,37.08,33.51
8829a18ad1fffff,40.48,30.35
8829a18ad3fffff,42.72,23.34
8829a18ad5fffff,42.71,25.73
8829a18ad7fffff,42.6,28.7
8829a18ad9fffff,38.92,31.63
8829a18adbfffff,40.75,26.53
8829a18addfffff,41.14,25.33
8829a18ae1fffff,40.91,28.37
8829a18ae3fffff,43.72,19.63
8829a18ae5fffff,42.59,22.66
8829a18ae7fffff,44.66,20.51
8829a18ae9fffff,41.46,25.22
8829a18aebfffff,41.78,28.46
8829a18aedfffff,39.35,29.96
8829a18b01fffff,37.6,35.74
8829a18b03fffff,38.76,30.38
8829a18b05fffff,38.98,30.65
8829a18b07fffff,41.28,21.48
8829a18b09fffff,35.57,38.18
8829a18b0bfffff,35.36,36.63
8829a18b0dfffff,38.36,30.82
8829a18b11fffff,40.73,26.33
8829a18b13fffff,43.68,17.29
8829a18b15fffff,41.59,25.99
8829a18b17fffff,43.44,22.97
8829a18b19fffff,35.73,34.91
8829a18b1bfffff,38.83,31.67
8829a18b1dfffff,36.9,31.39
8829a18b21fffff,44.39,12.71
8829a18b23fffff,44.39,17.43
8829a18b25fffff,40.77,33.91
8829a18b27fffff,45.04,11.11
8829a18b29fffff,40.41,28.99
8829a18b2bfffff,42.72,20.0
8829a18b2dfffff,42.06,10.19
8829a18b31fffff,44.89,20.74
8829a18b33fffff,45.32,22.69
8829a18b35fffff,44.44,19.13
8829a18b37fffff,44.76,22.06
8829a18b39fffff,44.56,13.93
8829a18b3bfffff,44.74,21.0
8829a18b3dfffff,44.28,19.59
8829a18b41fffff,39.02,22.57
8829a18b43fffff,37.21,30.55
8829a18b45fffff,36.44,36.69
8829a18b47fffff,38.78,27.76
8829a18b49fffff,39.1,21.48
8829a18b4bfffff,37.64,28.74
8829a18b4dfffff,39.16,26.3
8829a18b51fffff,35.07,38.33
8829a18b53fffff,35.69,33.11
8829a18b55fffff,34.55,36.84
8829a18b57fffff,34.24,40.06
8829a18b59fffff,35.61,35.7
8829a18b5bfffff,35.58,33.97
8829a18b5dfffff,35.46,40.08
8829a18b61fffff,37.44,32.36
8829a18b63fffff,39.54,22.14
8829a18b65fffff,36.69,34.07
8829a18b67fffff,37.07,34.46
8829a18b69fffff,38.0,27.71
8829a18b6bfffff,37.7,32.98
8829a18b6dfffff,37.68,26.69
8829a18c01fffff,45.31,24.19
8829a18c03fffff,42.2,29.69
8829a18c05fffff,49.55,8.1
8829a18c07fffff,46.37,16.9
8829a18c09fffff,45.64,19.2
8829a18c0bfffff,43.44,28.54
8829a18c0dfffff,49.99,7.98
8829a18c11fffff,39.6,33.8
8829a18c15fffff,42.49,30.09
8829a18c17fffff,42.27,23.01
8829a18c1dfffff,42.24,30.16
8829a18c21fffff,47.34,17.25
8829a18c23fffff,45.87,18.85
8829a18c25fffff,46.49,19.62
8829a18c27fffff,46.34,17.84
8829a18c29fffff,49.1,12.34
8829a18c2bfffff,48.26,12.74
8829a18c2dfffff,48.35,16.14
8829a18c31fffff,43.25,26.35
8829a18c33fffff,42.34,27.33
8829a18c35fffff,44.73,18.94
8829a18c37fffff,42.23,27.47
8829a18c39fffff,43.04,27.14
8829a18c3bfffff,42.09,30.87
8829a18c3dfffff,45.74,20.15
8829a18c41fffff,46.34,19.01
8829a18c43fffff,45.0,15.7
8829a18c45fffff,48.48,10.02
8829a18c47fffff,46.46,13.91
8829a18c49fffff,47.36,20.19
8829a18c4bfffff,46.09,18.21
8829a18c4dfffff,49.94,10.33
8829a18c51fffff,45.21,21.79
8829a18c53fffff,43.41,26.69
8829a18c55fffff,44.78,23.3
8829a18c57fffff,43.58,26.19
8829a18c59fffff,44.17,17.8
8829a18c5bfffff,43.93,26.6
8829a18c5dfffff,43.42,21.89
8829a18c61fffff,50.77,4.82
8829a18c63fffff,50.76,4.08
8829a18c65fffff,51.94,6.94
8829a18c67fffff,50.28,4.83
8829a18c69fffff,50.26,3.44
8829a18c6bfffff,50.97,2.74
8829a18c6dfffff,51.38,2.34
8829a18ca1fffff,38.5,36.72
8829a18ca3fffff,40.27,30.08
8829a18ca5fffff,39.92,33.3
8829a18ca7fffff,39.74,27.62
8829a18ca9fffff,39.32,29.19
8829a18cabfffff,38.6,33.77
8829a18cadfffff,38.25,39.85
8829a18cb5fffff,37.58,35.12
8829a18cb7fffff,41.0,26.85
8829a18ce1fffff,39.86,30.04
8829a18ce5fffff,41.02,31.57
8829a18ce7fffff,40.54,30.3
8829a18cedfffff,41.8,31.27
8829a18d01fffff,46.06,19.78
8829a18d03fffff,45.72,17.85
8829a18d05fffff,47.52,17.91
8829a18d07fffff,45.74,16.41
8829a18d09fffff,47.12,18.46
8829a18d0bfffff,45.82,20.7
8829a18d0dfffff,47.36,13.52
8829a18d11fffff,46.95,15.86
8829a18d13fffff,46.79,13.58
8829a18d15fffff,43.88,27.26
8829a18d17fffff,43.57,24.97
8829a18d19fffff,44.3,22.33
8829a18d1bfffff,45.82,15.71
8829a18d1dfffff,45.25,17.38
8829a18d21fffff,46.89,18.75
8829a18d23fffff,44.17,23.86
8829a18d25fffff,47.68,17.1
8829a18d27fffff,45.18,21.7
8829a18d29fffff,46.74,19.74
8829a18d2bfffff,45.73,18.92
8829a18d2dfffff,47.8,18.17
8829a18d31fffff,44.91,18.84
8829a18d33fffff,45.49,18.48
8829a18d35fffff,43.91,22.08
8829a18d37fffff,43.24,23.79
8829a18d39fffff,45.75,19.82
8829a18d3bfffff,44.13,21.25
8829a18d3dfffff,45.25,18.47
8829a18d41fffff,48.72,14.32
8829a18d43fffff,47.16,19.38
8829a18d45fffff,46.72,19.42
8829a18d47fffff,47.26,17.44
8829a18d49fffff,47.38,18.05
8829a18d4bfffff,47.09,18.94
8829a18d4dfffff,47.92,15.7
8829a18d51fffff,46.9,19.85
8829a18d53fffff,46.06,20.53
8829a18d55fffff,45.54,21.7
8829a18d57fffff,44.99,21.2
8829a18d59fffff,48.15,18.25
8829a18d5bfffff,48.09,18.26
8829a18d5dfffff,45.94,21.77
8829a18d61fffff,46.93,19.68
8829a18d63fffff,48.32,12.04
8829a18d65fffff,48.83,11.95
8829a18d67fffff,48.27,15.89
8829a18d69fffff,46.89,17.81
8829a18d6bfffff,47.53,12.05
8829a18d6dfffff,45.99,21.98
8829a18d81fffff,40.09,31.82
8829a18d83fffff,37.03,43.33
8829a18d85fffff,38.34,36.16
8829a18d87fffff,37.52,34.3
8829a18d89fffff,42.6,22.86
8829a18d8bfffff,40.82,29.91
8829a18d8dfffff,41.34,26.18
8829a18d91fffff,42.16,22.08
8829a18d93fffff,38.74,36.86
8829a18d95fffff,43.42,21.74
8829a18d97fffff,38.23,28.18
8829a18d99fffff,40.82,25.25
8829a18d9bfffff,38.76,33.58
8829a18d9dfffff,42.68,25.95
8829a18da1fffff,38.02,33.35
8829a18da3fffff,35.67,45.0
8829a18da5fffff,36.6,41.63
8829a18da7fffff,35.02,45.0
8829a18da9fffff,42.02,20.03
8829a18dabfffff,39.74,27.51
8829a18dadfffff,42.11,25.38
8829a18db1fffff,33.86,45.0
8829a18db3fffff,36.47,43.5
8829a18db5fffff,34.39,45.0
8829a18db9fffff,38.58,34.1
8829a18dbbfffff,37.28,36.26
8829a18dbdfffff,36.93,37.36
8829a18dc1fffff,41.63,30.96
8829a18dc3fffff,42.12,28.25
8829a18dc5fffff,46.24,9.52
8829a18dc7fffff,46.01,11.18
8829a18dc9fffff,43.09,28.19
8829a18dcbfffff,44.34,20.56
8829a18dcdfffff,46.34,14.42
8829a18dd1fffff,39.17,39.05
8829a18dd3fffff,39.74,33.18
8829a18dd5fffff,41.5,28.64
8829a18dd7fffff,43.29,22.64
8829a18dd9fffff,41.88,32.99
8829a18ddbfffff,38.87,38.74
8829a18dddfffff,42.16,26.88
8829a18de1fffff,43.84,27.81
8829a18de3fffff,40.38,30.25
8829a18de5fffff,42.9,22.66
8829a18de7fffff,41.72,29.11
8829a18de9fffff,45.28,18.47
8829a18debfffff,44.2,20.01
8829a18dedfffff,45.0,20.14
8829a18e01fffff,48.71,17.58
8829a18e03fffff,47.93,18.61
8829a18e05fffff,48.63,17.3
8829a18e07fffff,47.19,17.17
8829a18e09fffff,47.36,20.09
8829a18e0bfffff,48.76,17.12
8829a18e0dfffff,48.12,18.02
8829a18e11fffff,44.81,22.05
8829a18e13fffff,44.38,21.98
8829a18e15fffff,44.86,20.83
8829a18e17fffff,45.63,21.97
8829a18e19fffff,45.47,21.49
8829a18e1dfffff,48.22,16.93
8829a18e21fffff,48.75,18.42
8829a18e23fffff,48.45,17.84
8829a18e25fffff,48.03,13.51
8829a18e27fffff,48.42,19.7
8829a18e29fffff,47.69,20.51
8829a18e2bfffff,47.73,17.72
8829a18e2dfffff,48.79,11.46
8829a18e31fffff,46.65,21.35
8829a18e33fffff,44.79,18.45
8829a18e35fffff,48.04,18.54
8829a18e37fffff,46.17,18.86
8829a18e39fffff,47.12,19.86
8829a18e3bfffff,45.91,19.25
8829a18e3dfffff,48.21,16.2
8829a18e41fffff,45.16,23.05
8829a18e43fffff,45.78,21.72
8829a18e45fffff,46.03,23.3
8829a18e47fffff,44.93,26.28
8829a18e49fffff,44.74,20.33
8829a18e4bfffff,45.38,17.94
8829a18e4dfffff,44.91,19.73
8829a18e51fffff,46.68,20.11
8829a18e53fffff,45.45,18.36
8829a18e55fffff,47.43,18.74
8829a18e57fffff,47.69,19.68
8829a18e59fffff,43.59,27.19
8829a18e5bfffff,44.49,19.36
8829a18e5dfffff,45.14,20.31
8829a18e61fffff,45.48,14.43
8829a18e63fffff,47.38,19.3
8829a18e65fffff,49.18,10.09
8829a18e67fffff,48.41,11.98
8829a18e69fffff,45.44,19.18
8829a18e6bfffff,45.62,22.08
8829a18e6dfffff,45.54,16.15
8829a18ea9fffff,42.78,26.3
8829a18eadfffff,43.98,24.29
8829a18ee1fffff,42.98,30.12
8829a18ee3fffff,43.46,24.72
8829a18ee5fffff,44.24,23.81
8829a18ee7fffff,44.65,24.01
8829a18ee9fffff,42.58,28.38
8829a18eedfffff,44.05,23.3
8829a18f01fffff,48.56,18.64
8829a18f03fffff,49.15,15.69
8829a18f05fffff,47.66,18.74
8829a18f07fffff,47.34,20.02
8829a18f09fffff,48.47,18.07
8829a18f0bfffff,49.17,13.18
8829a18f0dfffff,48.92,15.67
8829a18f11fffff,48.14,13.97
8829a18f13fffff,48.24,13.22
8829a18f15fffff,48.5,17.41
8829a18f17fffff,48.89,16.81
8829a18f19fffff,48.02,18.51
8829a18f1bfffff,51.11,2.89
8829a18f1dfffff,48.8,14.99
8829a18f21fffff,48.47,13.94
8829a18f23fffff,49.16,13.55
8829a18f25fffff,48.05,17.26
8829a18f27fffff,49.5,8.57
8829a18f29fffff,47.29,17.33
8829a18f2bfffff,46.71,18.79
8829a18f2dfffff,48.07,15.77
8829a18f31fffff,49.13,10.34
8829a18f33fffff,49.89,5.66
8829a18f35fffff,50.63,7.69
8829a18f37fffff,48.46,5.43
8829a18f39fffff,48.52,17.31
8829a18f3bfffff,48.59,17.07
8829a18f3dfffff,47.37,19.6
8829a18f41fffff,46.67,20.52
8829a18f43fffff,47.38,17.64
8829a18f45fffff,48.68,13.93
8829a18f47fffff,48.57,15.38
8829a18f49fffff,45.54,23.5
8829a18f4bfffff,46.69,19.94
8829a18f4dfffff,45.46,22.41
8829a18f51fffff,48.33,14.69
8829a18f53fffff,49.34,7.71
8829a18f55fffff,48.15,17.36
8829a18f57fffff,48.3,16.37
8829a18f59fffff,48.97,12.07
8829a18f5bfffff,49.39,6.77
8829a18f5dfffff,47.69,13.97
8829a18f61fffff,48.28,14.41
8829a18f63fffff,48.56,15.03
8829a18f65fffff,47.96,14.52
8829a18f67fffff,49.26,10.71
8829a18f69fffff,47.48,14.81
8829a18f6bfffff,47.99,18.45
8829a18f6dfffff,46.92,12.51
8829a19083fffff,20.31,0.0
8829a19087fffff,20.29,0.0
8829a19095fffff,20.29,0.0
8829a190a1fffff,20.22,0.0
8829a190a3fffff,20.43,0.0
8829a190a5fffff,20.25,0.0
8829a190a7fffff,20.55,0.0
8829a190abfffff,20.29,0.0
8829a190b1fffff,20.52,0.0
8829a190b3fffff,20.76,0.0
8829a190b5fffff,20.56,0.0
8829a190b7fffff,21.01,0.0
8829a190b9fffff,20.3,0.0
8829a190bbfffff,20.53,0.0
8829a190bdfffff,20.36,0.0
8829a19105fffff,20.12,0.0
8829a19121fffff,20.08,0.0
8829a19123fffff,19.99,0.0
8829a19125fffff,20.57,0.0
8829a19127fffff,20.6,0.0
8829a19129fffff,20.05,0.0
8829a1912bfffff,20.03,0.0
8829a1912dfffff,20.23,0.0
8829a19131fffff,19.9,0.0
8829a19133fffff,20.09,0.0
8829a19135fffff,19.92,0.0
8829a19137fffff,20.28,0.0
8829a1913dfffff,19.95,0.0
8829a19161fffff,20.16,0.0
8829a19163fffff,20.1,0.0
8829a19165fffff,20.07,0.0
8829a19167fffff,20.11,0.0
8829a1916dfffff,20.16,0.0
8829a19181fffff,20.48,0.0
8829a19183fffff,20.76,0.0
8829a19185fffff,20.51,0.0
8829a19187fffff,20.75,0.0
8829a1918bfffff,20.4,0.0
8829a19191fffff,20.86,0.0
8829a19193fffff,20.87,0.0
8829a19195fffff,20.8,0.0
8829a19197fffff,20.85,0.0
8829a19199fffff,20.5,0.0
8829a1919bfffff,20.64,0.0
8829a1919dfffff,20.65,0.0
8829a191a1fffff,20.86,0.0
8829a191a3fffff,20.65,0.0
8829a191a5fffff,20.77,0.0
8829a191a7fffff,20.67,0.0
8829a191a9fffff,20.67,0.0
8829a191abfffff,20.86,0.0
8829a191adfffff,20.89,0.0
8829a191b1fffff,20.88,0.0
8829a191b3fffff,21.02,0.0
8829a191b5fffff,20.71,0.0
8829a191b7fffff,20.96,0.0
8829a191b9fffff,20.72,0.0
8829a191bbfffff,20.81,0.0
8829a191bdfffff,20.77,0.0
8829a191d7fffff,20.32,0.0
8829a191e5fffff,20.31,0.0
8829a191e7fffff,20.47,0.0
8829a19565fffff,21.33,0.0
8829a19801fffff,40.84,20.61
8829a19803fffff,41.59,15.49
8829a19805fffff,40.83,20.12
8829a19807fffff,40.95,22.17
8829a19809fffff,40.38,20.38
8829a1980bfffff,41.95,15.25
8829a1980dfffff,41.16,16.16
8829a19811fffff,40.34,14.33
8829a19813fffff,40.72,8.51
8829a19815fffff,40.95,15.41
8829a19817fffff,42.05,7.54
8829a19819fffff,40.98,16.68
8829a1981bfffff,40.7,11.3
8829a1981dfffff,41.26,14.08
8829a19821fffff,42.46,10.41
8829a19823fffff,40.86,19.79
8829a19825fffff,42.83,9.47
8829a19827fffff,40.21,23.79
8829a19829fffff,42.59,13.2
8829a1982bfffff,41.36,17.18
8829a1982dfffff,43.33,4.36
8829a19831fffff,42.59,4.97
8829a19833fffff,42.49,6.2
8829a19835fffff,40.97,17.57
8829a19837fffff,40.84,15.36
8829a19839fffff,41.29,15.68
8829a1983bfffff,42.62,10.52
8829a1983dfffff,41.23,12.92
8829a19841fffff,41.15,13.11
8829a19843fffff,40.74,15.07
8829a19845fffff,41.63,16.34
8829a19847fffff,42.13,8.89
8829a19849fffff,39.96,5.15
8829a1984bfffff,41.35,8.57
8829a1984dfffff,40.73,12.71
8829a19851fffff,39.96,19.55
8829a19853fffff,40.48,20.62
8829a19855fffff,40.08,18.36
8829a19857fffff,39.65,22.3
8829a19859fffff,40.58,16.24
8829a1985bfffff,40.94,13.02
8829a1985dfffff,40.24,16.75
8829a19861fffff,41.38,12.71
8829a19863fffff,41.51,14.45
8829a19865fffff,41.87,16.22
8829a19867fffff,41.96,10.42
8829a19869fffff,42.29,11.98
8829a1986bfffff,41.46,14.26
8829a1986dfffff,41.82,13.87
8829a19881fffff,35.21,31.13
8829a19883fffff,33.77,34.58
8829a19885fffff,38.79,26.14
8829a19887fffff,35.92,31.22
8829a19889fffff,35.52,31.08
8829a1988bfffff,36.44,27.13
8829a1988dfffff,36.15,32.88
8829a19891fffff,28.85,45.0
8829a19893fffff,28.89,45.0
8829a19895fffff,32.78,40.38
8829a19897fffff,34.63,33.36
8829a19899fffff,29.42,44.21
8829a1989bfffff,28.79,45.0
8829a1989dfffff,31.05,41.84
8829a198a1fffff,39.58,20.61
8829a198a3fffff,37.09,28.6
8829a198a5fffff,38.72,23.36
8829a198a7fffff,36.06,35.62
8829a198a9fffff,39.72,24.04
8829a198abfffff,36.65,29.5
8829a198adfffff,38.81,27.59
8829a198b1fffff,37.23,32.75
8829a198b3fffff,33.64,42.39
8829a198b5fffff,37.31,29.08
8829a198b7fffff,36.15,36.74
8829a198b9fffff,35.99,32.24
8829a198bbfffff,35.01,36.89
8829a198bdfffff,36.45,30.56
8829a198c1fffff,39.55,17.27
8829a198c3fffff,35.94,25.56
8829a198c5fffff,40.27,16.69
8829a198c7fffff,36.63,30.44
8829a198c9fffff,41.13,9.49
8829a198cbfffff,37.84,20.91
8829a198cdfffff,41.19,8.17
8829a198d1fffff,33.2,33.99
8829a198d3fffff,34.73,30.69
8829a198d5fffff,33.83,38.37
8829a198d7fffff,32.36,38.23
8829a198d9fffff,33.23,38.01
8829a198dbfffff,38.02,21.39
8829a198ddfffff,34.41,34.34
8829a198e1fffff,42.77,5.34
8829a198e3fffff,40.07,16.2
8829a198e5fffff,42.29,8.91
8829a198e7fffff,41.33,13.17
8829a198e9fffff,42.26,7.28
8829a198ebfffff,38.9,25.13
8829a198edfffff,43.18,6.65
8829a19901fffff,43.59,11.3
8829a19903fffff,43.18,6.43
8829a19905fffff,43.31,8.68
8829a19907fffff,43.83,8.9
8829a19909fffff,41.97,19.1
8829a1990bfffff,43.23,4.69
8829a1990dfffff,42.63,17.1
8829a19911fffff,41.9,18.36
8829a19913fffff,39.7,25.95
8829a19915fffff,44.4,9.36
8829a19917fffff,42.04,19.27
8829a19919fffff,43.06,8.47
8829a1991bfffff,40.76,23.25
8829a1991dfffff,43.27,10.7
8829a19921fffff,44.64,8.46
8829a19923fffff,44.36,6.77
8829a19925fffff,43.28,14.53
8829a19927fffff,44.41,7.26
8829a19929fffff,43.84,11.24
8829a1992bfffff,43.37,10.63
8829a1992dfffff,44.04,10.71
8829a19931fffff,43.04,10.55
8829a19933fffff,42.12,17.55
8829a19935fffff,42.9,14.78
8829a19937fffff,42.45,10.9
8829a19939fffff,43.24,13.85
8829a1993bfffff,43.09,10.88
8829a1993dfffff,43.4,11.14
8829a19941fffff,38.8,23.15
8829a19943fffff,36.98,26.8
8829a19945fffff,42.0,16.67
8829a19947fffff,41.26,22.02
8829a19949fffff,41.77,16.7
8829a1994bfffff,40.2,15.4
8829a1994dfffff,41.7,16.02
8829a19951fffff,40.87,16.05
8829a19953fffff,42.21,7.47
8829a19955fffff,40.31,16.81
8829a19957fffff,42.77,8.57
8829a19959fffff,41.17,16.79
8829a1995bfffff,40.99,17.64
8829a1995dfffff,39.71,15.78
8829a19961fffff,44.55,15.17
8829a19963fffff,44.0,13.2
8829a19965fffff,45.07,12.34
8829a19967fffff,44.08,9.95
8829a19969fffff,44.72,14.03
8829a1996bfffff,45.01,13.66
8829a1996dfffff,44.6,11.26
8829a19981fffff,38.27,26.95
8829a19983fffff,36.65,31.06
8829a19985fffff,39.37,22.59
8829a19987fffff,38.12,24.54
8829a19989fffff,39.33,26.62
8829a1998bfffff,37.62,35.87
8829a1998dfffff,41.33,12.08
8829a19991fffff,35.3,37.4
8829a19993fffff,34.73,38.9
8829a19995fffff,37.1,31.93
8829a19997fffff,36.85,34.8
8829a19999fffff,38.02,30.23
8829a1999bfffff,35.84,36.25
8829a1999dfffff,36.48,34.07
8829a199a1fffff,40.48,20.13
8829a199a3fffff,38.12,25.19
8829a199a5fffff,43.38,10.29
8829a199a7fffff,40.03,20.55
8829a199a9fffff,40.66,15.3
8829a199abfffff,38.26,26.25
8829a199adfffff,42.32,12.18
8829a199b1fffff,37.92,28.24
8829a199b3fffff,37.67,31.3
8829a199b5fffff,37.16,28.7
8829a199b7fffff,36.84,34.24
8829a199b9fffff,37.04,29.21
8829a199bbfffff,37.07,33.25
8829a199bdfffff,36.91,30.36
8829a199c1fffff,39.36,17.18
8829a199c3fffff,40.35,12.42
8829a199c5fffff,38.95,28.08
8829a199c7fffff,39.93,13.69
8829a199c9fffff,39.4,25.91
8829a199cbfffff,40.31,19.47
8829a199cdfffff,36.89,34.09
8829a199d1fffff,40.31,17.32
8829a199d3fffff,40.65,8.87
8829a199d5fffff,41.0,16.49
8829a199d7fffff,38.63,24.44
8829a199d9fffff,42.06,13.87
8829a199dbfffff,40.0,18.33
8829a199ddfffff,41.91,12.3
8829a199e1fffff,41.76,13.79
8829a199e3fffff,41.99,8.29
8829a199e5fffff,42.96,9.27
8829a199e7fffff,42.48,10.15
8829a199e9fffff,42.18,10.76
8829a199ebfffff,40.42,17.3
8829a199edfffff,43.21,7.76
8829a19a01fffff,22.25,0.0
8829a19a03fffff,22.12,0.0
8829a19a05fffff,33.8,1.13
8829a19a07fffff,28.52,0.0
8829a19a09fffff,21.58,0.0
8829a19a0bfffff,21.51,0.0
8829a19a0dfffff,22.63,0.0
8829a19a11fffff,21.53,0.0
8829a19a13fffff,21.56,0.0
8829a19a15fffff,21.84,0.0
8829a19a17fffff,21.95,0.0
8829a19a19fffff,20.99,0.0
8829a19a1bfffff,21.11,0.0
8829a19a1dfffff,21.57,0.0
8829a19a21fffff,33.94,27.11
8829a19a23fffff,33.69,4.81
8829a19a25fffff,36.44,23.42
8829a19a27fffff,35.75,15.13
8829a19a29fffff,39.55,13.45
8829a19a2bfffff,32.21,13.9
8829a19a2dfffff,40.66,12.66
8829a19a31fffff,39.04,6.95
8829a19a33fffff,39.36,4.85
8829a19a35fffff,32.83,0.0
8829a19a37fffff,40.02,14.02
8829a19a39fffff,27.09,0.0
8829a19a3bfffff,24.24,0.0
8829a19a3dfffff,35.32,6.02
8829a19a41fffff,21.28,0.0
8829a19a43fffff,21.22,0.0
8829a19a45fffff,21.8,0.0
8829a19a47fffff,21.71,0.0
8829a19a49fffff,21.01,0.0
8829a19a4bfffff,21.02,0.0
8829a19a4dfffff,21.39,0.0
8829a19a51fffff,20.76,0.0
8829a19a53fffff,20.57,0.0
8829a19a55fffff,21.09,0.0
8829a19a57fffff,21.05,0.0
8829a19a59fffff,20.5,0.0
8829a19a5bfffff,20.37,0.0
8829a19a5dfffff,20.97,0.0
8829a19a61fffff,41.12,4.73
8829a19a63fffff,39.56,8.28
8829a19a65fffff,41.67,1.98
8829a19a67fffff,40.53,14.85
8829a19a69fffff,32.51,0.0
8829a19a6bfffff,25.99,0.0
8829a19a6dfffff,41.07,0.64
8829a19a81fffff,21.6,0.0
8829a19a83fffff,21.5,0.0
8829a19a85fffff,22.21,0.0
8829a19a87fffff,22.19,0.0
8829a19a89fffff,21.39,0.0
8829a19a8bfffff,21.39,0.0
8829a19a8dfffff,21.86,0.0
8829a19a91fffff,21.13,0.0
8829a19a93fffff,21.24,0.0
8829a19a95fffff,21.39,0.0
8829a19a97fffff,21.47,0.0
8829a19a99fffff,20.97,0.0
8829a19a9bfffff,20.84,0.0
8829a19a9dfffff,21.14,0.0
8829a19aa1fffff,40.16,8.22
8829a19aa3fffff,40.49,5.8
8829a19aa5fffff,40.02,21.11
8829a19aa7fffff,40.93,6.2
8829a19aa9fffff,36.57,0.0
8829a19aabfffff,36.49,0.0
8829a19aadfffff,40.41,13.95
8829a19ab1fffff,35.87,6.91
8829a19ab3fffff,35.86,15.16
8829a19ab5fffff,40.13,12.65
8829a19ab7fffff,36.69,24.12
8829a19ab9fffff,22.19,0.0
8829a19abbfffff,22.37,0.0
8829a19abdfffff,36.72,0.99
8829a19ac1fffff,21.09,0.0
8829a19ac3fffff,21.07,0.0
8829a19ac5fffff,21.43,0.0
8829a19ac7fffff,21.38,0.0
8829a19ac9fffff,20.58,0.0
8829a19acbfffff,20.68,0.0
8829a19acdfffff,21.09,0.0
8829a19ad1fffff,20.79,0.0
8829a19ad3fffff,20.9,0.0
8829a19ad5fffff,21.01,0.0
8829a19ad7fffff,21.16,0.0
8829a19ad9fffff,20.56,0.0
8829a19adbfffff,20.77,0.0
8829a19addfffff,20.75,0.0
8829a19ae1fffff,22.76,0.0
8829a19ae3fffff,22.48,0.0
8829a19ae5fffff,39.85,4.29
8829a19ae7fffff,37.98,4.59
8829a19ae9fffff,21.9,0.0
8829a19aebfffff,21.86,0.0
8829a19aedfffff,23.81,0.0
8829a19b01fffff,42.72,20.29
8829a19b03fffff,41.76,14.82
8829a19b05fffff,42.18,15.23
8829a19b07fffff,42.12,13.17
8829a19b09fffff,43.66,13.65
8829a19b0bfffff,42.94,17.02
8829a19b0dfffff,43.78,12.58
8829a19b11fffff,40.69,8.5
8829a19b13fffff,41.07,12.74
8829a19b15fffff,40.67,15.45
8829a19b17fffff,41.37,16.99
8829a19b19fffff,38.58,20.08
8829a19b1bfffff,39.5,6.2
8829a19b1dfffff,40.81,20.84
8829a19b21fffff,44.23,14.09
8829a19b23fffff,44.42,13.79
8829a19b25fffff,44.06,15.58
8829a19b27fffff,42.38,19.17
8829a19b29fffff,45.31,6.94
8829a19b2bfffff,44.57,10.73
8829a19b2dfffff,45.45,7.6
8829a19b31fffff,40.67,21.94
8829a19b33fffff,43.11,14.83
8829a19b35fffff,40.41,24.9
8829a19b37fffff,38.8,24.68
8829a19b39fffff,41.2,8.86
8829a19b3bfffff,42.4,11.98
8829a19b3dfffff,42.5,13.86
8829a19b41fffff,42.73,0.84
8829a19b43fffff,43.67,2.97
8829a19b45fffff,42.22,0.0
8829a19b47fffff,43.78,6.95
8829a19b49fffff,42.86,1.88
8829a19b4bfffff,42.7,0.0
8829a19b4dfffff,43.77,3.35
8829a19b51fffff,39.07,24.24
8829a19b53fffff,41.28,15.08
8829a19b55fffff,42.65,15.66
8829a19b57fffff,42.46,18.08
8829a19b59fffff,42.43,2.31
8829a19b5bfffff,41.07,18.85
8829a19b5dfffff,42.53,5.13
8829a19b61fffff,44.63,10.09
8829a19b63fffff,43.65,11.02
8829a19b65fffff,45.11,4.67
8829a19b67fffff,45.09,8.62
8829a19b69fffff,43.21,9.44
8829a19b6bfffff,44.54,0.0
8829a19b6dfffff,45.49,8.96
8829a1c081fffff,32.37,40.98
8829a1c083fffff,31.03,43.09
8829a1c089fffff,32.58,41.78
8829a1c08bfffff,31.47,45.0
8829a1c091fffff,31.76,45.0
8829a1c093fffff,33.73,44.8
8829a1c095fffff,31.86,41.77
8829a1c097fffff,32.56,45.0
8829a1c099fffff,33.09,41.46
8829a1c09bfffff,34.51,37.95
8829a1c09dfffff,31.47,45.0
8829a1c0b1fffff,35.82,34.95
8829a1c0b3fffff,37.24,30.28
8829a1c0b9fffff,32.59,43.11
8829a1c0bbfffff,34.66,37.96
8829a1c0c1fffff,36.39,35.44
8829a1c0c3fffff,34.55,41.11
8829a1c0c9fffff,41.49,24.83
8829a1c0cbfffff,38.29,34.27
8829a1c0d1fffff,34.14,38.94
8829a1c0d3fffff,35.73,38.78
8829a1c0d5fffff,33.43,42.62
8829a1c0d7fffff,32.29,43.64
8829a1c0d9fffff,38.77,32.46
8829a1c0dbfffff,38.46,29.26
8829a1c0ddfffff,35.8,38.05
8829a1c213fffff,43.17,8.9
8829a1c219fffff,44.23,12.47
8829a1c21bfffff,40.82,30.06
8829a1c253fffff,41.07,28.91
8829a1c259fffff,44.25,17.98
8829a1c25bfffff,44.18,18.33
8829a1c281fffff,39.32,40.37
8829a1c283fffff,39.42,30.55
8829a1c285fffff,44.11,18.63
8829a1c287fffff,42.56,21.92
8829a1c289fffff,38.45,35.52
8829a1c28bfffff,39.13,33.78
8829a1c28dfffff,41.23,32.16
8829a1c291fffff,37.22,35.69
8829a1c293fffff,38.17,33.83
8829a1c295fffff,35.61,40.6
8829a1c297fffff,36.03,39.81
8829a1c299fffff,39.29,29.3
8829a1c29bfffff,40.32,24.48
8829a1c29dfffff,38.36,29.68
8829a1c2a3fffff,43.93,22.31
8829a1c2a9fffff,43.79,21.62
8829a1c2abfffff,45.61,16.19
8829a1c2b1fffff,43.22,15.35
8829a1c2b3fffff,41.71,27.37
8829a1c2b5fffff,42.62,22.98
8829a1c2b7fffff,39.11,31.8
8829a1c2b9fffff,40.57,24.43
8829a1c2bbfffff,39.72,29.03
8829a1c2bdfffff,43.94,20.58
8829a1c2c1fffff,37.27,39.12
8829a1c2c3fffff,37.72,34.22
8829a1c2c5fffff,39.89,30.27
8829a1c2c7fffff,41.86,22.09
8829a1c2c9fffff,39.29,36.24
8829a1c2cbfffff,38.4,33.79
8829a1c2cdfffff,38.55,29.77
8829a1c2d1fffff,38.16,32.87
8829a1c2d3fffff,36.82,33.31
8829a1c2d5fffff,40.48,25.97
8829a1c2d7fffff,36.34,35.61
8829a1c2d9fffff,37.71,30.43
8829a1c2dbfffff,36.78,36.24
8829a1c2ddfffff,43.09,13.84
8829a1c2e3fffff,43.9,17.82
8829a1c2e9fffff,44.7,15.08
8829a1c2ebfffff,42.38,21.99
8829a1c401fffff,36.45,38.25
8829a1c403fffff,35.97,37.08
8829a1c405fffff,34.69,38.85
8829a1c407fffff,36.83,31.36
8829a1c409fffff,40.84,29.7
8829a1c40bfffff,41.89,24.88
8829a1c40dfffff,35.14,42.32
8829a1c411fffff,41.06,27.45
8829a1c413fffff,42.99,22.82
8829a1c415fffff,36.63,33.69
8829a1c417fffff,42.56,22.41
8829a1c419fffff,45.78,15.62
8829a1c41bfffff,45.0,19.08
8829a1c41dfffff,42.76,21.94
8829a1c421fffff,34.83,33.72
8829a1c423fffff,36.1,28.79
8829a1c425fffff,32.84,43.77
8829a1c427fffff,38.34,30.81
8829a1c429fffff,33.28,39.7
8829a1c42bfffff,36.99,33.67
8829a1c42dfffff,33.35,38.06
8829a1c431fffff,34.59,36.77
8829a1c433fffff,35.8,32.34
8829a1c435fffff,35.76,30.21
8829a1c437fffff,36.06,35.52
8829a1c439fffff,34.08,36.96
8829a1c43bfffff,36.44,30.81
8829a1c43dfffff,34.2,38.27
8829a1c441fffff,43.44,21.56
8829a1c443fffff,43.61,21.6
8829a1c445fffff,44.88,18.58
8829a1c447fffff,43.69,20.85
8829a1c449fffff,37.14,34.6
8829a1c44bfffff,41.59,24.11
8829a1c44dfffff,43.08,19.31
8829a1c451fffff,43.05,25.15
8829a1c453fffff,46.8,11.3
8829a1c455fffff,46.51,9.24
8829a1c457fffff,46.02,13.95
8829a1c459fffff,40.89,30.71
8829a1c45bfffff,40.11,30.18
8829a1c45dfffff,41.53,27.59
8829a1c461fffff,34.19,40.96
8829a1c463fffff,34.19,40.44
8829a1c465fffff,33.28,39.4
8829a1c467fffff,36.17,29.9
8829a1c469fffff,42.2,24.18
8829a1c46bfffff,39.07,32.22
8829a1c46dfffff,38.87,28.53
8829a1c481fffff,36.98,33.93
8829a1c483fffff,37.45,34.22
8829a1c485fffff,36.24,34.47
8829a1c487fffff,37.29,32.91
8829a1c489fffff,39.1,27.97
8829a1c48bfffff,36.51,32.85
8829a1c48dfffff,38.09,29.66
8829a1c491fffff,42.07,24.94
8829a1c493fffff,38.7,35.19
8829a1c495fffff,38.75,28.03
8829a1c497fffff,39.63,32.37
8829a1c499fffff,42.16,26.07
8829a1c49bfffff,40.96,26.62
8829a1c49dfffff,38.16,28.69
8829a1c4a1fffff,37.5,34.36
8829a1c4a3fffff,38.65,36.08
8829a1c4a5fffff,37.98,32.1
8829a1c4a7fffff,34.74,40.87
8829a1c4a9fffff,35.74,35.41
8829a1c4abfffff,37.64,34.05
8829a1c4adfffff,38.06,32.75
8829a1c4b1fffff,40.35,27.73
8829a1c4b3fffff,38.07,30.75
8829a1c4b5fffff,38.36,31.46
8829a1c4b7fffff,39.41,28.7
8829a1c4b9fffff,39.74,25.75
8829a1c4bbfffff,38.76,32.81
8829a1c4bdfffff,39.94,30.24
8829a1c4c1fffff,41.51,25.07
8829a1c4c3fffff,40.08,29.05
8829a1c4c5fffff,40.8,31.45
8829a1c4c7fffff,39.34,30.74
8829a1c4c9fffff,42.89,22.34
8829a1c4cbfffff,40.92,26.18
8829a1c4cdfffff,42.94,27.13
8829a1c4d1fffff,41.74,24.51
8829a1c4d3fffff,41.89,25.88
8829a1c4d5fffff,38.11,30.84
8829a1c4d7fffff,40.6,25.07
8829a1c4d9fffff,39.87,27.16
8829a1c4dbfffff,40.27,28.31
8829a1c4ddfffff,39.28,28.67
8829a1c4e1fffff,42.43,25.03
8829a1c4e3fffff,36.17,36.61
8829a1c4e5fffff,41.3,25.99
8829a1c4e7fffff,39.73,34.83
8829a1c4e9fffff,42.38,27.9
8829a1c4ebfffff,37.57,33.22
8829a1c4edfffff,41.18,29.44
8829a1c501fffff,33.17,45.0
8829a1c503fffff,40.01,33.7
8829a1c505fffff,34.27,45.0
8829a1c507fffff,39.79,30.32
8829a1c509fffff,32.45,45.0
8829a1c50bfffff,33.93,45.0
8829a1c50dfffff,31.71,45.0
8829a1c511fffff,39.16,34.65
8829a1c513fffff,39.9,28.56
8829a1c515fffff,37.93,34.61
8829a1c517fffff,37.24,35.6
8829a1c519fffff,36.22,44.69
8829a1c51bfffff,37.07,39.35
8829a1c51dfffff,36.92,43.99
8829a1c521fffff,34.35,32.71
8829a1c523fffff,36.23,14.52
8829a1c525fffff,33.32,40.04
8829a1c527fffff,36.37,29.88
8829a1c529fffff,37.06,31.52
8829a1c52bfffff,36.94,32.09
8829a1c52dfffff,35.2,31.41
8829a1c531fffff,39.82,26.66
8829a1c533fffff,37.35,26.1
8829a1c535fffff,41.2,26.41
8829a1c537fffff,40.43,26.54
8829a1c539fffff,39.94,27.58
8829a1c53bfffff,38.87,26.08
8829a1c53dfffff,40.67,30.43
8829a1c541fffff,34.13,43.86
8829a1c543fffff,32.9,45.0
8829a1c545fffff,33.73,42.78
8829a1c547fffff,34.18,44.49
8829a1c549fffff,35.13,36.29
8829a1c54bfffff,33.27,40.41
8829a1c54dfffff,33.57,45.0
8829a1c551fffff,33.29,44.67
8829a1c553fffff,34.34,42.23
8829a1c555fffff,33.29,45.0
8829a1c557fffff,35.61,39.76
8829a1c559fffff,35.57,34.96
8829a1c55bfffff,35.04,33.15
8829a1c55dfffff,34.15,41.18
8829a1c561fffff,37.7,32.72
8829a1c563fffff,32.32,45.0
8829a1c565fffff,35.01,41.21
8829a1c567fffff,34.4,43.98
8829a1c569fffff,35.18,43.51
8829a1c56bfffff,35.46,39.99
8829a1c56dfffff,34.2,42.76
8829a1c581fffff,36.03,32.9
8829a1c583fffff,40.63,27.65
8829a1c585fffff,33.44,31.64
8829a1c587fffff,37.35,33.98
8829a1c589fffff,37.54,30.57
8829a1c58bfffff,40.22,29.14
8829a1c58dfffff,37.05,28.44
8829a1c591fffff,38.84,29.37
8829a1c593fffff,35.54,38.36
8829a1c595fffff,40.02,29.57
8829a1c599fffff,37.91,37.9
8829a1c59bfffff,35.58,37.98
8829a1c59dfffff,37.61,36.36
8829a1c5a1fffff,33.95,41.06
8829a1c5a5fffff,37.16,35.13
8829a1c5a9fffff,33.37,41.49
8829a1c5abfffff,35.21,42.51
8829a1c5adfffff,34.95,40.42
8829a1c5b9fffff,39.87,36.51
8829a1c5bdfffff,35.7,38.78
8829a1c5c1fffff,38.9,34.19
8829a1c5c3fffff,39.4,32.04
8829a1c5c5fffff,37.8,33.27
8829a1c5c7fffff,38.98,27.33
8829a1c5c9fffff,35.93,30.53
8829a1c5cbfffff,36.41,35.46
8829a1c5cdfffff,38.98,34.07
8829a1c5d1fffff,39.71,30.03
8829a1c5d3fffff,39.2,26.99
8829a1c5d5fffff,38.2,29.66
8829a1c5d7fffff,37.9,34.61
8829a1c5d9fffff,39.69,27.81
8829a1c5dbfffff,39.28,32.82
8829a1c5ddfffff,39.66,31.77
8829a1c5e1fffff,38.66,28.28
8829a1c5e3fffff,40.31,19.46
8829a1c5e5fffff,39.84,29.65
8829a1c5e7fffff,39.59,23.75
8829a1c5e9fffff,38.12,32.86
8829a1c5ebfffff,40.26,25.56
8829a1c5edfffff,38.19,27.56
8829a1c601fffff,36.49,34.3
8829a1c603fffff,37.63,32.14
8829a1c605fffff,36.4,32.4
8829a1c607fffff,36.61,33.27
8829a1c609fffff,40.81,22.86
8829a1c60bfffff,40.3,27.96
8829a1c60dfffff,36.72,31.52
8829a1c611fffff,39.59,24.06
8829a1c613fffff,39.06,23.51
8829a1c615fffff,39.06,25.99
8829a1c617fffff,38.35,27.69
8829a1c619fffff,44.15,17.81
8829a1c61bfffff,42.95,19.82
8829a1c61dfffff,41.23,16.94
8829a1c621fffff,34.14,42.4
8829a1c623fffff,35.82,34.92
8829a1c625fffff,34.09,45.0
8829a1c627fffff,34.3,45.0
8829a1c629fffff,34.6,35.18
8829a1c62bfffff,38.16,27.46
8829a1c62dfffff,32.93,45.0
8829a1c631fffff,37.29,32.09
8829a1c633fffff,39.48,26.18
8829a1c635fffff,36.51,35.98
8829a1c637fffff,39.57,28.51
8829a1c639fffff,39.01,26.27
8829a1c63bfffff,37.37,30.71
8829a1c63dfffff,38.16,29.21
8829a1c641fffff,45.94,14.66
8829a1c643fffff,45.98,14.24
8829a1c645fffff,43.22,19.36
8829a1c647fffff,42.42,20.58
8829a1c649fffff,48.05,4.58
8829a1c64bfffff,46.66,5.53
8829a1c64dfffff,45.53,13.69
8829a1c651fffff,46.18,14.76
8829a1c653fffff,47.1,15.26
8829a1c655fffff,44.82,16.73
8829a1c657fffff,45.23,15.27
8829a1c659fffff,47.43,6.47
8829a1c65bfffff,47.95,5.59
8829a1c65dfffff,46.76,5.37
8829a1c661fffff,35.67,33.82
8829a1c663fffff,36.25,29.88
8829a1c665fffff,34.48,38.15
8829a1c667fffff,35.38,37.24
8829a1c669fffff,38.27,27.49
8829a1c66bfffff,37.97,29.31
8829a1c66dfffff,35.48,35.79
8829a1c681fffff,42.28,22.98
8829a1c683fffff,43.97,20.45
8829a1c685fffff,40.35,28.29
8829a1c687fffff,43.44,22.08
8829a1c689fffff,41.76,25.55
8829a1c68bfffff,44.24,23.03
8829a1c68dfffff,41.11,23.26
8829a1c691fffff,44.48,15.27
8829a1c693fffff,37.89,38.51
8829a1c695fffff,44.53,17.98
8829a1c697fffff,40.06,31.35
8829a1c699fffff,46.71,13.57
8829a1c69bfffff,43.11,20.69
8829a1c69dfffff,45.05,19.72
8829a1c6a1fffff,46.05,16.48
8829a1c6a3fffff,42.34,28.61
8829a1c6a5fffff,47.03,14.39
8829a1c6a7fffff,46.0,15.57
8829a1c6a9fffff,42.36,25.61
8829a1c6abfffff,44.44,19.43
8829a1c6adfffff,45.02,19.75
8829a1c6b1fffff,46.04,11.85
8829a1c6b3fffff,44.56,17.8
8829a1c6b5fffff,44.9,14.4
8829a1c6b7fffff,42.16,20.63
8829a1c6b9fffff,43.39,25.55
8829a1c6bbfffff,44.37,16.22
8829a1c6bdfffff,44.12,18.18
8829a1c6c1fffff,40.4,23.0
8829a1c6c3fffff,44.0,17.48
8829a1c6c5fffff,37.78,28.24
8829a1c6c7fffff,42.03,21.45
8829a1c6c9fffff,44.42,16.98
8829a1c6cbfffff,45.52,14.34
8829a1c6cdfffff,40.75,23.37
8829a1c6d1fffff,48.55,2.89
8829a1c6d3fffff,47.66,5.25
8829a1c6d5fffff,43.31,22.42
8829a1c6d7fffff,44.68,19.27
8829a1c6d9fffff,48.41,3.37
8829a1c6dbfffff,47.37,3.13
8829a1c6ddfffff,46.59,10.97
8829a1c6e1fffff,41.36,24.3
8829a1c6e3fffff,41.02,26.23
8829a1c6e5fffff,40.41,24.66
8829a1c6e7fffff,41.05,27.17
8829a1c6e9fffff,38.1,30.84
8829a1c6ebfffff,40.68,24.32
8829a1c6edfffff,39.17,26.1
8829a1c701fffff,40.77,25.18
8829a1c703fffff,41.45,21.44
8829a1c705fffff,36.91,34.2
8829a1c707fffff,36.98,33.12
8829a1c709fffff,44.05,14.37
8829a1c70bfffff,43.86,15.4
8829a1c70dfffff,40.08,29.61
8829a1c711fffff,45.8,12.84
8829a1c713fffff,44.66,16.09
8829a1c715fffff,42.67,22.9
8829a1c717fffff,42.94,22.31
8829a1c719fffff,41.51,22.6
8829a1c71bfffff,40.67,24.96
8829a1c71dfffff,44.79,11.57
8829a1c721fffff,34.34,37.65
8829a1c723fffff,32.91,40.39
8829a1c725fffff,34.58,40.67
8829a1c727fffff,34.51,40.2
8829a1c729fffff,38.16,32.53
8829a1c72bfffff,33.91,40.28
8829a1c72dfffff,37.45,34.51
8829a1c731fffff,35.19,34.79
8829a1c733fffff,34.82,41.83
8829a1c735fffff,32.83,39.31
8829a1c737fffff,34.03,41.12
8829a1c739fffff,39.56,28.82
8829a1c73bfffff,39.17,28.89
8829a1c73dfffff,33.66,42.89
8829a1c741fffff,38.41,31.36
8829a1c743fffff,43.35,17.98
8829a1c745fffff,35.74,42.24
8829a1c747fffff,41.22,17.54
8829a1c749fffff,41.02,22.61
8829a1c74bfffff,39.04,33.34
8829a1c74dfffff,37.26,31.81
8829a1c751fffff,36.7,40.99
8829a1c753fffff,36.21,40.08
8829a1c755fffff,43.33,17.89
8829a1c757fffff,42.53,20.12
8829a1c759fffff,34.21,42.22
8829a1c75bfffff,33.55,45.0
8829a1c75dfffff,40.36,25.71
8829a1c761fffff,42.79,20.31
8829a1c763fffff,41.09,27.57
8829a1c765fffff,40.59,28.17
8829a1c767fffff,39.41,28.59
8829a1c769fffff,39.33,32.22
8829a1c76bfffff,41.11,23.5
8829a1c76dfffff,41.91,23.65
8829a1ce11fffff,36.84,31.44
8829a1ce13fffff,40.9,26.66
8829a1ce19fffff,32.99,44.15
8829a1ce1bfffff,35.94,31.44
8829a1ce51fffff,36.92,28.51
8829a1ce53fffff,32.43,37.78
8829a1ce59fffff,36.75,36.6
8829a1ce5bfffff,35.28,35.41
8829a1ce81fffff,39.7,29.79
8829a1ce85fffff,39.86,27.56
8829a1ce89fffff,40.98,24.84
8829a1ce8bfffff,38.89,28.79
8829a1ce8dfffff,40.72,26.2
8829a1ce99fffff,37.49,35.99
8829a1cec1fffff,40.27,30.61
8829a1cec3fffff,38.18,34.13
8829a1cec5fffff,42.0,26.09
8829a1cec7fffff,41.24,25.46
8829a1cec9fffff,41.43,23.13
8829a1cecbfffff,41.1,28.85
8829a1cecdfffff,41.33,24.13
8829a1ced1fffff,38.25,37.53
8829a1ced3fffff,37.66,39.78
8829a1ced5fffff,39.78,28.28
8829a1ced7fffff,38.01,32.3
8829a1ced9fffff,35.83,33.98
8829a1cedbfffff,39.82,28.5
8829a1ceddfffff,37.23,38.25
8829a1cee1fffff,40.62,25.33
8829a1cee3fffff,40.86,24.54
8829a1cee9fffff,43.17,22.83
8829a1ceebfffff,40.93,28.55
8829a1d083fffff,47.48,9.9
8829a1d089fffff,45.93,15.85
8829a1d08bfffff,45.96,15.15
8829a1d091fffff,46.36,15.43
8829a1d093fffff,46.32,13.61
8829a1d095fffff,46.59,13.76
8829a1d097fffff,46.15,15.69
8829a1d099fffff,46.01,13.65
8829a1d09bfffff,44.95,16.73
8829a1d09dfffff,46.98,9.21
8829a1d0b3fffff,45.0,18.2
8829a1d0b9fffff,48.55,6.7
8829a1d0bbfffff,45.59,16.24
8829a1d0c3fffff,46.44,14.96
8829a1d0c9fffff,48.43,9.49
8829a1d0cbfffff,48.58,11.93
8829a1d0d1fffff,45.66,8.78
8829a1d0d3fffff,46.88,10.93
8829a1d0d5fffff,43.65,18.76
8829a1d0d7fffff,45.57,12.73
8829a1d0d9fffff,45.84,16.41
8829a1d0dbfffff,46.24,11.3
8829a1d0ddfffff,44.19,19.84
8829a1d213fffff,51.11,2.82
8829a1d21bfffff,49.2,10.59
8829a1d253fffff,47.05,13.18
8829a1d25bfffff,45.91,15.06
8829a1d281fffff,48.67,6.2
8829a1d283fffff,48.33,7.38
8829a1d285fffff,50.09,4.44
8829a1d287fffff,50.37,6.14
8829a1d289fffff,48.79,3.04
8829a1d28bfffff,49.16,0.0
8829a1d28dfffff,50.14,7.15
8829a1d291fffff,48.45,10.72
8829a1d293fffff,47.75,9.43
8829a1d295fffff,49.56,6.79
8829a1d297fffff,48.69,7.78
8829a1d299fffff,49.76,0.0
8829a1d29bfffff,49.66,6.36
8829a1d29dfffff,49.7,3.29
8829a1d2a3fffff,49.3,7.84
8829a1d2a9fffff,51.51,3.0
8829a1d2abfffff,49.93,6.53
8829a1d2b1fffff,46.31,11.81
8829a1d2b3fffff,48.15,8.9
8829a1d2b5fffff,46.54,13.29
8829a1d2b7fffff,47.3,9.89
8829a1d2b9fffff,46.3,17.63
8829a1d2bbfffff,46.76,12.98
8829a1d2bdfffff,49.66,10.03
8829a1d2c1fffff,48.08,5.0
8829a1d2c3fffff,47.89,2.48
8829a1d2c5fffff,50.34,4.66
8829a1d2c7fffff,50.6,1.96
8829a1d2c9fffff,49.25,7.72
8829a1d2cbfffff,49.81,9.63
8829a1d2cdfffff,48.58,4.09
8829a1d2d1fffff,50.87,0.0
8829a1d2d3fffff,48.03,0.62
8829a1d2d5fffff,51.08,0.0
8829a1d2d7fffff,49.13,0.0
8829a1d2d9fffff,49.67,11.21
8829a1d2dbfffff,50.67,0.26
8829a1d2ddfffff,49.7,8.09
8829a1d2e3fffff,49.38,4.72
8829a1d2ebfffff,50.73,5.04
8829a1d401fffff,40.98,20.77
8829a1d403fffff,43.82,17.76
8829a1d405fffff,42.29,16.53
8829a1d407fffff,42.91,14.31
8829a1d409fffff,41.77,22.53
8829a1d40bfffff,44.03,14.78
8829a1d40dfffff,39.06,15.69
8829a1d411fffff,41.1,23.11
8829a1d413fffff,37.68,32.87
8829a1d415fffff,41.87,20.92
8829a1d417fffff,37.54,34.66
8829a1d419fffff,45.64,10.99
8829a1d41bfffff,40.63,25.47
8829a1d41dfffff,46.06,11.8
8829a1d421fffff,47.03,6.66
8829a1d423fffff,47.07,9.33
8829a1d425fffff,44.75,15.74
8829a1d427fffff,41.61,33.72
8829a1d429fffff,44.27,9.82
8829a1d42bfffff,44.68,12.37
8829a1d42dfffff,46.14,9.94
8829a1d431fffff,42.21,17.83
8829a1d433fffff,37.97,32.77
8829a1d435fffff,47.0,4.87
8829a1d437fffff,46.54,7.89
8829a1d439fffff,42.29,21.5
8829a1d43bfffff,36.87,39.84
8829a1d43dfffff,44.25,16.92
8829a1d441fffff,45.97,12.77
8829a1d443fffff,43.75,18.16
8829a1d445fffff,45.8,11.34
8829a1d447fffff,43.23,17.9
8829a1d449fffff,46.68,8.96
8829a1d44bfffff,46.38,9.54
8829a1d44dfffff,43.9,16.32
8829a1d451fffff,46.86,4.74
8829a1d453fffff,47.31,4.65
8829a1d455fffff,45.33,10.71
8829a1d457fffff,46.27,3.73
8829a1d459fffff,46.23,6.72
8829a1d45bfffff,46.12,8.09
8829a1d45dfffff,45.62,8.95
8829a1d461fffff,40.35,25.58
8829a1d463fffff,41.4,23.5
8829a1d465fffff,45.25,9.91
8829a1d467fffff,44.98,10.76
8829a1d469fffff,40.17,25.51
8829a1d46bfffff,42.95,19.02
8829a1d46dfffff,40.08,27.4
8829a1d481fffff,38.81,37.51
8829a1d483fffff,41.17,22.52
8829a1d485fffff,37.74,33.73
8829a1d487fffff,42.73,16.29
8829a1d489fffff,36.28,33.52
8829a1d48bfffff,37.16,34.6
8829a1d48dfffff,36.46,35.0
8829a1d491fffff,45.01,10.56
8829a1d493fffff,44.89,20.23
8829a1d495fffff,45.16,13.16
8829a1d497fffff,44.93,19.66
8829a1d499fffff,41.59,25.44
8829a1d49bfffff,43.35,19.52
8829a1d49dfffff,44.12,9.94
8829a1d4a1fffff,43.18,15.64
8829a1d4a3fffff,45.98,10.76
8829a1d4a5fffff,46.32,7.05
8829a1d4a7fffff,47.77,4.35
8829a1d4a9fffff,39.64,30.38
8829a1d4abfffff,41.77,15.58
8829a1d4adfffff,40.24,24.29
8829a1d4b1fffff,45.57,17.59
8829a1d4b3fffff,45.67,20.83
8829a1d4b5fffff,46.92,9.5
8829a1d4b7fffff,47.09,3.54
8829a1d4b9fffff,45.51,18.85
8829a1d4bbfffff,46.2,16.74
8829a1d4bdfffff,46.14,13.95
8829a1d4c1fffff,38.43,29.46
8829a1d4c3fffff,37.88,30.54
8829a1d4c5fffff,37.07,31.25
8829a1d4c7fffff,38.14,27.57
8829a1d4c9fffff,39.97,26.59
8829a1d4cbfffff,34.32,27.79
8829a1d4cdfffff,38.92,28.59
8829a1d4d1fffff,38.84,28.17
8829a1d4d3fffff,41.06,18.87
8829a1d4d5fffff,35.26,35.81
8829a1d4d7fffff,38.53,23.84
8829a1d4d9fffff,39.26,24.0
8829a1d4dbfffff,39.95,20.45
8829a1d4ddfffff,37.62,30.76
8829a1d4e1fffff,36.93,35.69
8829a1d4e3fffff,39.28,25.35
8829a1d4e5fffff,37.16,40.26
8829a1d4e7fffff,37.42,35.1
8829a1d4e9fffff,37.9,30.66
8829a1d4ebfffff,35.65,33.89
8829a1d4edfffff,36.28,36.93
8829a1d501fffff,46.61,15.24
8829a1d503fffff,46.87,12.32
8829a1d505fffff,46.92,11.55
8829a1d507fffff,44.34,20.83
8829a1d509fffff,46.04,11.86
8829a1d50bfffff,44.26,21.06
8829a1d50dfffff,45.54,15.55
8829a1d511fffff,45.74,12.57
8829a1d513fffff,44.01,16.26
8829a1d515fffff,43.16,21.81
8829a1d517fffff,46.14,14.89
8829a1d519fffff,43.59,19.26
8829a1d51bfffff,43.61,19.03
8829a1d51dfffff,44.11,19.88
8829a1d521fffff,40.58,30.07
8829a1d523fffff,40.46,29.59
8829a1d525fffff,38.74,35.69
8829a1d527fffff,37.98,36.39
8829a1d529fffff,45.13,17.57
8829a1d52bfffff,44.3,18.86
8829a1d52dfffff,41.49,25.57
8829a1d531fffff,44.31,19.06
8829a1d533fffff,41.61,23.29
8829a1d535fffff,42.43,17.96
8829a1d537fffff,41.27,26.79
8829a1d539fffff,43.64,19.54
8829a1d53bfffff,44.36,16.0
8829a1d53dfffff,42.95,21.73
8829a1d541fffff,39.79,30.92
8829a1d543fffff,42.22,23.09
8829a1d545fffff,42.13,25.6
8829a1d547fffff,39.89,24.64
8829a1d549fffff,43.06,24.1
8829a1d54bfffff,44.37,15.31
8829a1d54dfffff,44.58,16.98
8829a1d551fffff,39.81,32.41
8829a1d553fffff,42.5,23.2
8829a1d555fffff,41.26,28.68
8829a1d557fffff,41.35,26.88
8829a1d559fffff,45.91,15.73
8829a1d55bfffff,44.49,16.42
8829a1d55dfffff,42.24,27.31
8829a1d561fffff,40.78,32.03
8829a1d563fffff,42.16,19.02
8829a1d565fffff,41.41,28.39
8829a1d567fffff,41.58,24.67
8829a1d569fffff,42.37,22.39
8829a1d56bfffff,43.15,20.4
8829a1d56dfffff,43.49,23.55
8829a1d581fffff,44.01,14.03
8829a1d583fffff,44.54,16.51
8829a1d585fffff,42.32,18.35
8829a1d587fffff,41.7,23.67
8829a1d589fffff,46.17,6.92
8829a1d58bfffff,44.76,6.73
8829a1d58dfffff,45.33,12.64
8829a1d591fffff,42.31,21.86
8829a1d593fffff,42.11,21.38
8829a1d595fffff,41.72,21.94
8829a1d597fffff,39.76,23.06
8829a1d599fffff,45.07,15.63
8829a1d59bfffff,44.93,17.44
8829a1d59dfffff,45.82,11.3
8829a1d5a1fffff,39.5,24.7
8829a1d5a3fffff,41.1,24.1
8829a1d5a5fffff,39.09,29.61
8829a1d5a7fffff,38.9,27.51
8829a1d5a9fffff,40.56,21.21
8829a1d5abfffff,41.28,23.67
8829a1d5adfffff,40.18,24.23
8829a1d5b1fffff,37.6,34.25
8829a1d5b3fffff,34.91,40.62
8829a1d5b5fffff,38.75,31.45
8829a1d5b7fffff,36.25,38.05
8829a1d5b9fffff,40.88,22.96
8829a1d5bbfffff,37.61,26.42
8829a1d5bdfffff,41.63,21.85
8829a1d5c1fffff,47.04,9.38
8829a1d5c3fffff,46.42,2.34
8829a1d5c5fffff,45.88,10.89
8829a1d5c7fffff,47.4,6.55
8829a1d5c9fffff,42.05,23.03
8829a1d5cbfffff,47.23,7.43
8829a1d5cdfffff,42.84,20.33
8829a1d5d1fffff,47.06,4.88
8829a1d5d3fffff,44.23,8.87
8829a1d5d5fffff,46.13,4.56
8829a1d5d7fffff,45.34,11.23
8829a1d5d9fffff,42.93,9.91
8829a1d5dbfffff,40.17,27.01
8829a1d5ddfffff,46.5,8.65
8829a1d5e1fffff,41.24,21.08
8829a1d5e3fffff,43.18,18.42
8829a1d5e5fffff,39.43,28.7
8829a1d5e7fffff,38.96,29.83
8829a1d5e9fffff,44.16,14.51
8829a1d5ebfffff,45.73,7.91
8829a1d5edfffff,43.33,17.91
8829a1d601fffff,47.37,8.11
8829a1d603fffff,46.5,6.14
8829a1d605fffff,47.97,6.95
8829a1d607fffff,47.26,4.32
8829a1d609fffff,46.52,9.42
8829a1d60bfffff,45.89,10.12
8829a1d60dfffff,46.95,7.91
8829a1d611fffff,44.02,14.28
8829a1d613fffff,42.05,17.92
8829a1d615fffff,45.41,3.03
8829a1d617fffff,44.42,9.35
8829a1d619fffff,45.76,6.98
8829a1d61bfffff,44.22,11.46
8829a1d61dfffff,45.93,8.56
8829a1d621fffff,47.45,3.03
8829a1d623fffff,45.68,9.9
8829a1d625fffff,45.33,4.9
8829a1d627fffff,47.29,6.81
8829a1d629fffff,46.77,5.19
8829a1d62bfffff,47.65,3.64
8829a1d62dfffff,42.66,3.49
8829a1d631fffff,46.02,5.0
8829a1d633fffff,46.83,7.98
8829a1d635fffff,47.37,8.56
8829a1d637fffff,46.72,5.1
8829a1d639fffff,45.89,4.84
8829a1d63bfffff,44.63,4.98
8829a1d63dfffff,46.32,5.27
8829a1d641fffff,44.58,11.64
8829a1d643fffff,46.89,9.67
8829a1d645fffff,43.93,8.44
8829a1d647fffff,45.76,9.62
8829a1d649fffff,46.67,9.79
8829a1d64bfffff,46.63,10.2
8829a1d64dfffff,44.65,8.62
8829a1d651fffff,45.22,14.86
8829a1d653fffff,44.77,11.4
8829a1d655fffff,45.78,12.02
8829a1d657fffff,44.83,12.57
8829a1d659fffff,45.58,12.46
8829a1d65bfffff,45.11,10.0
8829a1d65dfffff,46.09,10.59
8829a1d661fffff,48.04,0.23
8829a1d663fffff,46.81,4.57
8829a1d665fffff,49.93,0.0
8829a1d667fffff,46.23,1.81
8829a1d669fffff,48.92,1.94
8829a1d66bfffff,46.03,12.46
8829a1d66dfffff,48.84,7.08
8829a1d681fffff,44.66,5.58
8829a1d683fffff,44.41,9.59
8829a1d685fffff,45.4,3.72
8829a1d687fffff,45.59,6.47
8829a1d689fffff,43.61,9.14
8829a1d68bfffff,43.4,14.09
8829a1d68dfffff,40.34,25.99
8829a1d691fffff,43.19,15.48
8829a1d693fffff,38.33,30.14
8829a1d695fffff,42.53,17.78
8829a1d697fffff,39.4,25.96
8829a1d699fffff,43.16,11.58
8829a1d69bfffff,40.77,21.2
8829a1d69dfffff,44.72,10.66
8829a1d6a1fffff,44.7,4.76
8829a1d6a3fffff,43.76,9.7
8829a1d6a5fffff,47.01,5.48
8829a1d6a7fffff,41.41,24.87
8829a1d6a9fffff,44.57,12.5
8829a1d6abfffff,44.73,3.22
8829a1d6adfffff,46.25,5.35
8829a1d6b1fffff,39.18,28.47
8829a1d6b3fffff,38.22,28.0
8829a1d6b5fffff,40.26,19.31
8829a1d6b7fffff,40.16,23.46
8829a1d6b9fffff,44.62,8.58
8829a1d6bbfffff,38.41,27.86
8829a1d6bdfffff,44.31,7.8
8829a1d6c1fffff,42.55,8.92
8829a1d6c3fffff,42.85,14.24
8829a1d6c5fffff,39.03,25.99
8829a1d6c7fffff,40.78,17.51
8829a1d6c9fffff,43.39,11.69
8829a1d6cbfffff,42.73,11.29
8829a1d6cdfffff,41.49,20.14
8829a1d6d1fffff,43.67,8.72
8829a1d6d3fffff,43.43,11.24
8829a1d6d5fffff,44.12,8.81
8829a1d6d7fffff,43.97,10.98
8829a1d6d9fffff,42.14,13.59
8829a1d6dbfffff,43.99,6.05
8829a1d6ddfffff,42.56,16.43
8829a1d6e1fffff,42.31,20.3
8829a1d6e3fffff,44.05,9.47
8829a1d6e5fffff,46.57,4.95
8829a1d6e7fffff,45.53,9.1
8829a1d6e9fffff,40.03,25.9
8829a1d6ebfffff,40.14,25.02
8829a1d6edfffff,45.53,10.06
8829a1d701fffff,46.7,4.98
8829a1d703fffff,47.18,1.62
8829a1d705fffff,45.48,5.07
8829a1d707fffff,47.67,4.95
8829a1d709fffff,48.01,7.44
8829a1d70bfffff,47.24,0.0
8829a1d70dfffff,47.68,7.44
8829a1d711fffff,46.74,8.41
8829a1d713fffff,44.15,17.63
8829a1d715fffff,46.24,12.99
8829a1d717fffff,45.7,10.36
8829a1d719fffff,44.01,8.51
8829a1d71bfffff,45.38,11.35
8829a1d71dfffff,47.15,3.26
8829a1d721fffff,47.52,12.3
8829a1d723fffff,45.02,16.47
8829a1d725fffff,45.17,19.7
8829a1d727fffff,44.33,16.97
8829a1d729fffff,45.63,14.58
8829a1d72bfffff,47.12,9.34
8829a1d72dfffff,48.3,5.68
8829a1d731fffff,46.56,3.2
8829a1d733fffff,44.29,12.82
8829a1d735fffff,44.96,16.08
8829a1d737fffff,46.49,11.6
8829a1d739fffff,46.71,5.36
8829a1d73bfffff,42.21,23.56
8829a1d73dfffff,48.39,7.98
8829a1d741fffff,47.33,5.79
8829a1d743fffff,48.58,0.59
8829a1d745fffff,48.17,8.79
8829a1d747fffff,47.11,10.16
8829a1d749fffff,47.48,1.54
8829a1d74bfffff,48.68,0.22
8829a1d74dfffff,46.89,12.17
8829a1d751fffff,49.26,0.69
8829a1d753fffff,43.08,3.81
8829a1d755fffff,48.32,0.33
8829a1d757fffff,45.13,4.32
8829a1d759fffff,50.49,0.0
8829a1d75bfffff,46.47,0.0
8829a1d75dfffff,49.5,0.0
8829a1d761fffff,48.52,8.97
8829a1d763fffff,47.64,7.86
8829a1d765fffff,46.76,12.94
8829a1d767fffff,45.67,12.24
8829a1d769fffff,48.72,11.05
8829a1d76bfffff,49.32,7.22
8829a1d76dfffff,49.39,7.44
8829a56001fffff,45.39,2.26
8829a56003fffff,46.26,6.69
8829a56005fffff,44.59,1.87
8829a56007fffff,45.25,9.89
8829a56009fffff,42.71,0.23
8829a5600bfffff,44.13,13.45
8829a5600dfffff,43.43,0.0
8829a56011fffff,39.03,32.67
8829a56013fffff,46.58,5.4
8829a56015fffff,46.16,9.1
8829a56017fffff,44.29,12.33
8829a56019fffff,43.67,12.73
8829a5601bfffff,42.82,10.81
8829a5601dfffff,44.09,9.25
8829a56021fffff,45.2,0.43
8829a56023fffff,45.55,4.84
8829a56025fffff,43.02,3.62
8829a56027fffff,44.39,0.0
8829a56029fffff,43.03,0.68
8829a5602bfffff,44.77,9.45
8829a5602dfffff,43.9,1.11
8829a56031fffff,47.26,8.34
8829a56033fffff,47.09,6.42
8829a56035fffff,44.64,0.0
8829a56037fffff,47.4,11.23
8829a56039fffff,46.7,9.48
8829a5603bfffff,46.82,10.87
8829a5603dfffff,44.79,12.09
8829a56041fffff,38.26,0.29
8829a56043fffff,36.46,0.0
8829a56045fffff,42.28,1.12
8829a56047fffff,34.31,0.0
8829a56049fffff,42.81,0.6
8829a5604bfffff,31.91,0.0
8829a5604dfffff,40.02,1.9
8829a56051fffff,42.39,7.53
8829a56053fffff,43.67,9.92
8829a56055fffff,37.51,0.7
8829a56057fffff,44.13,0.0
8829a56059fffff,42.62,7.2
8829a5605bfffff,44.66,13.15
8829a5605dfffff,39.05,0.0
8829a56061fffff,38.26,1.57
8829a56063fffff,40.99,0.72
8829a56065fffff,37.47,0.05
8829a56067fffff,43.83,0.0
8829a56069fffff,42.98,0.0
8829a5606bfffff,35.71,0.88
8829a5606dfffff,42.48,0.0
8829a56081fffff,46.1,12.85
8829a56083fffff,44.57,13.92
8829a56085fffff,46.83,8.58
8829a56087fffff,46.61,5.16
8829a56089fffff,45.95,13.14
8829a5608bfffff,45.73,9.08
8829a5608dfffff,48.28,6.76
8829a56091fffff,43.93,14.51
8829a56093fffff,44.07,11.18
8829a56095fffff,44.36,13.06
8829a56097fffff,45.31,7.26
8829a56099fffff,42.61,17.12
8829a5609bfffff,43.9,7.48
8829a5609dfffff,43.65,11.84
8829a560a1fffff,47.07,7.11
8829a560a3fffff,46.96,10.45
8829a560a5fffff,48.33,9.85
8829a560a7fffff,48.04,6.49
8829a560a9fffff,47.48,8.49
8829a560abfffff,46.94,7.59
8829a560adfffff,48.02,9.61
8829a560b1fffff,45.7,6.14
8829a560b3fffff,44.97,1.51
8829a560b5fffff,46.85,3.37
8829a560b7fffff,48.28,0.0
8829a560b9fffff,45.13,12.91
8829a560bbfffff,44.88,6.33
8829a560bdfffff,45.8,13.09
8829a560c1fffff,46.63,10.64
8829a560c3fffff,45.84,10.61
8829a560c5fffff,46.92,10.77
8829a560c7fffff,46.39,9.8
8829a560c9fffff,46.84,7.44
8829a560cbfffff,45.73,13.15
8829a560cdfffff,47.38,7.23
8829a560d1fffff,44.99,3.91
8829a560d3fffff,44.36,9.41
8829a560d5fffff,45.4,8.08
8829a560d7fffff,44.38,14.48
8829a560d9fffff,45.08,11.34
8829a560dbfffff,44.27,8.92
8829a560ddfffff,45.49,7.38
8829a560e1fffff,46.77,7.24
8829a560e3fffff,47.79,6.48
8829a560e5fffff,47.64,9.6
8829a560e7fffff,47.75,9.32
8829a560e9fffff,46.11,6.63
8829a560ebfffff,47.96,8.52
8829a560edfffff,44.46,6.47
8829a56101fffff,45.63,4.01
8829a56103fffff,43.3,16.03
8829a56105fffff,45.18,8.82
8829a56107fffff,45.42,6.17
8829a56109fffff,45.29,6.3
8829a5610bfffff,42.52,7.33
8829a5610dfffff,45.05,5.84
8829a56111fffff,45.2,10.11
8829a56113fffff,44.66,6.68
8829a56115fffff,41.76,12.15
8829a56117fffff,45.16,14.72
8829a56119fffff,44.27,11.41
8829a5611bfffff,43.91,3.29
8829a5611dfffff,41.22,16.4
8829a56121fffff,44.56,9.31
8829a56123fffff,45.42,5.52
8829a56125fffff,45.61,4.09
8829a56127fffff,46.08,4.95
8829a56129fffff,43.88,10.56
8829a5612bfffff,44.84,6.75
8829a5612dfffff,43.29,15.07
8829a56131fffff,45.28,10.96
8829a56133fffff,44.29,13.11
8829a56135fffff,45.48,7.1
8829a56137fffff,45.31,8.16
8829a56139fffff,44.36,12.48
8829a5613bfffff,43.24,14.39
8829a5613dfffff,44.7,6.19
8829a56141fffff,41.56,2.52
8829a56143fffff,43.72,6.17
8829a56145fffff,44.48,5.26
8829a56147fffff,44.71,4.41
8829a56149fffff,29.38,0.0
8829a5614bfffff,36.49,9.17
8829a5614dfffff,33.77,0.0
8829a56151fffff,41.99,0.0
8829a56153fffff,44.94,1.68
8829a56155fffff,40.62,9.67
8829a56157fffff,44.84,0.0
8829a56159fffff,33.83,0.0
8829a5615bfffff,45.3,0.0
8829a5615dfffff,37.51,3.7
8829a56161fffff,44.92,8.08
8829a56163fffff,44.69,5.83
8829a56165fffff,44.84,4.41
8829a56167fffff,44.55,9.1
8829a56169fffff,44.63,7.11
8829a5616bfffff,45.08,6.28
8829a5616dfffff,43.94,10.18
8829a56181fffff,46.94,12.98
8829a56183fffff,47.33,0.0
8829a56185fffff,47.9,0.88
8829a56187fffff,47.62,1.73
8829a56189fffff,46.3,9.24
8829a5618bfffff,46.4,9.31
8829a5618dfffff,47.29,3.21
8829a56191fffff,45.4,9.26
8829a56193fffff,41.54,24.84
8829a56195fffff,48.24,9.77
8829a56197fffff,47.45,12.63
8829a56199fffff,47.79,8.82
8829a5619bfffff,46.95,6.22
8829a5619dfffff,46.9,4.66
8829a561a1fffff,49.11,1.73
8829a561a3fffff,48.04,10.9
8829a561a5fffff,45.77,7.57
8829a561a7fffff,47.42,4.14
8829a561a9fffff,47.85,10.13
8829a561abfffff,48.78,2.71
8829a561adfffff,46.7,5.88
8829a561b1fffff,48.45,9.61
8829a561b3fffff,46.88,9.8
8829a561b5fffff,48.37,6.6
8829a561b7fffff,47.99,5.33
8829a561b9fffff,48.02,12.89
8829a561bbfffff,48.36,12.73
8829a561bdfffff,48.83,9.02
8829a561c1fffff,44.36,0.0
8829a561c3fffff,45.71,0.66
8829a561c5fffff,44.37,3.25
8829a561c7fffff,44.93,2.73
8829a561c9fffff,45.49,0.37
8829a561cbfffff,46.37,0.45
8829a561cdfffff,44.2,0.25
8829a561d1fffff,47.42,8.23
8829a561d3fffff,48.64,8.87
8829a561d5fffff,47.54,7.18
8829a561d7fffff,46.8,9.78
8829a561d9fffff,46.35,15.29
8829a561dbfffff,48.04,8.64
8829a561ddfffff,48.59,4.62
8829a561e1fffff,44.79,12.04
8829a561e3fffff,46.08,15.2
8829a561e5fffff,41.84,11.3
8829a561e7fffff,45.72,12.63
8829a561e9fffff,43.96,12.7
8829a561ebfffff,44.89,4.96
8829a561edfffff,43.64,13.98
8829a56201fffff,38.21,19.51
8829a56203fffff,42.53,10.1
8829a56205fffff,31.56,0.0
8829a56207fffff,42.03,6.62
8829a56209fffff,36.3,13.49
8829a5620bfffff,39.99,16.56
8829a5620dfffff,23.59,0.0
8829a56211fffff,41.23,16.13
8829a56213fffff,39.82,20.14
8829a56215fffff,43.07,11.66
8829a56217fffff,42.21,14.95
8829a56219fffff,38.27,17.89
8829a5621bfffff,39.96,19.42
8829a5621dfffff,41.48,13.7
8829a56221fffff,28.22,0.0
8829a56223fffff,34.53,0.0
8829a56225fffff,34.98,0.0
8829a56227fffff,42.8,0.6
8829a56229fffff,23.31,0.0
8829a5622bfffff,31.83,0.0
8829a5622dfffff,39.42,0.0
8829a56231fffff,43.77,4.26
8829a56233fffff,43.37,10.88
8829a56235fffff,36.42,0.0
8829a56237fffff,43.47,6.85
8829a56239fffff,43.92,5.64
8829a5623bfffff,43.56,9.03
8829a5623dfffff,38.87,5.61
8829a56243fffff,19.79,0.0
8829a56247fffff,18.81,0.0
8829a56251fffff,19.99,0.0
8829a56253fffff,21.05,0.0
8829a56255fffff,22.52,0.0
8829a56257fffff,31.69,11.86
8829a5625bfffff,19.82,0.0
8829a56261fffff,19.35,0.0
8829a56263fffff,20.1,0.0
8829a56265fffff,19.08,0.0
8829a56267fffff,21.83,0.0
8829a5626bfffff,19.05,0.0
8829a5626dfffff,18.44,0.0
8829a56281fffff,38.91,34.85
8829a56283fffff,38.1,35.22
8829a56285fffff,40.63,29.51
8829a56287fffff,39.42,32.81
8829a56289fffff,40.7,29.96
8829a5628bfffff,37.79,37.43
8829a5628dfffff,40.93,28.65
8829a56291fffff,40.79,32.6
8829a56293fffff,43.14,26.42
8829a56295fffff,38.99,37.62
8829a56297fffff,41.46,27.04
8829a56299fffff,39.95,32.34
8829a5629bfffff,45.08,14.19
8829a5629dfffff,38.67,36.65
8829a562a1fffff,41.97,27.21
8829a562a3fffff,42.6,26.09
8829a562a5fffff,42.92,19.62
8829a562a7fffff,45.13,15.18
8829a562a9fffff,44.28,19.73
8829a562abfffff,45.21,21.73
8829a562adfffff,44.29,13.37
8829a562b1fffff,43.82,20.7
8829a562b3fffff,44.0,19.24
8829a562b5fffff,44.39,16.77
8829a562b7fffff,45.2,8.72
8829a562b9fffff,40.7,26.91
8829a562bbfffff,41.41,29.11
8829a562bdfffff,41.3,25.29
8829a562c1fffff,42.64,22.85
8829a562c3fffff,37.24,36.95
8829a562c5fffff,39.07,31.34
8829a562c7fffff,41.99,25.89
8829a562c9fffff,36.74,24.8
8829a562cbfffff,38.18,27.9
8829a562cdfffff,39.18,21.48
8829a562d1fffff,33.62,35.64
8829a562d3fffff,37.62,25.94
8829a562d5fffff,38.8,31.74
8829a562d7fffff,38.35,33.39
8829a562d9fffff,33.23,25.23
8829a562dbfffff,36.52,32.0
8829a562ddfffff,34.35,36.07
8829a562e1fffff,44.13,14.91
8829a562e3fffff,42.29,26.61
8829a562e5fffff,41.92,18.73
8829a562e7fffff,44.07,15.16
8829a562e9fffff,42.74,17.86
8829a562ebfffff,40.1,27.15
8829a562edfffff,43.57,15.15
8829a56301fffff,20.16,0.0
8829a56303fffff,20.61,0.0
8829a56305fffff,21.54,0.0
8829a56307fffff,22.82,0.0
8829a56309fffff,19.88,0.0
8829a5630bfffff,20.06,0.0
8829a5630dfffff,19.98,0.0
8829a56311fffff,27.47,0.0
8829a56313fffff,31.9,0.0
8829a56315fffff,25.54,0.0
8829a56317fffff,25.25,0.0
8829a56319fffff,30.85,0.0
8829a5631bfffff,30.1,0.0
8829a5631dfffff,20.9,0.0
8829a56321fffff,33.79,0.0
8829a56323fffff,39.27,0.0
8829a56325fffff,22.04,0.0
8829a56327fffff,26.33,0.0
8829a56329fffff,31.41,0.0
8829a5632bfffff,29.8,0.0
8829a5632dfffff,24.24,0.0
8829a56331fffff,31.47,0.0
8829a56333fffff,39.04,0.0
8829a56335fffff,41.44,0.0
8829a56337fffff,40.9,0.0
8829a56339fffff,25.24,0.0
8829a5633bfffff,26.34,0.0
8829a5633dfffff,33.54,0.0
8829a56341fffff,19.42,0.0
8829a56343fffff,19.71,0.0
8829a56345fffff,19.55,0.0
8829a56347fffff,19.76,0.0
8829a5634bfffff,18.92,0.0
8829a5634dfffff,19.06,0.0
8829a56351fffff,20.11,0.0
8829a56353fffff,30.18,0.0
8829a56355fffff,19.85,0.0
8829a56357fffff,22.24,0.0
8829a56359fffff,19.45,0.0
8829a5635bfffff,27.19,0.0
8829a5635dfffff,19.61,0.0
8829a56361fffff,19.91,0.0
8829a56363fffff,20.5,0.0
8829a56365fffff,20.41,0.0
8829a56367fffff,21.18,0.0
8829a56369fffff,19.48,0.0
8829a5636bfffff,19.8,0.0
8829a5636dfffff,19.7,0.0
8829a56401fffff,21.01,0.0
8829a56403fffff,20.93,0.0
8829a56405fffff,21.28,0.0
8829a56407fffff,21.08,0.0
8829a56409fffff,20.96,0.0
8829a5640bfffff,20.86,0.0
8829a5640dfffff,21.11,0.0
8829a56411fffff,20.54,0.0
8829a56413fffff,20.42,0.0
8829a56415fffff,20.89,0.0
8829a56417fffff,20.68,0.0
8829a5641dfffff,20.74,0.0
8829a56421fffff,22.46,0.0
8829a56423fffff,21.68,0.0
8829a56425fffff,38.63,5.0
8829a56427fffff,31.95,0.0
8829a56429fffff,21.93,0.0
8829a5642bfffff,21.47,0.0
8829a5642dfffff,29.01,0.0
8829a56431fffff,20.98,0.0
8829a56433fffff,20.95,0.0
8829a56435fffff,21.38,0.0
8829a56437fffff,21.27,0.0
8829a56439fffff,20.95,0.0
8829a5643bfffff,20.9,0.0
8829a5643dfffff,21.18,0.0
8829a56441fffff,21.22,0.0
8829a56443fffff,20.89,0.0
8829a56445fffff,21.32,0.0
8829a56447fffff,21.14,0.0
8829a56449fffff,21.22,0.0
8829a5644bfffff,21.1,0.0
8829a5644dfffff,21.31,0.0
8829a56455fffff,20.71,0.0
8829a5645dfffff,20.71,0.0
8829a56461fffff,21.8,0.0
8829a56463fffff,21.64,0.0
8829a56465fffff,24.38,0.0
8829a56467fffff,22.56,0.0
8829a56469fffff,21.56,0.0
8829a5646bfffff,21.38,0.0
8829a5646dfffff,22.16,0.0
8829a56481fffff,20.24,0.0
8829a56483fffff,20.32,0.0
8829a56485fffff,20.25,0.0
8829a56487fffff,20.23,0.0
8829a5648dfffff,20.36,0.0
8829a56495fffff,20.23,0.0
8829a56497fffff,20.22,0.0
8829a564a1fffff,20.7,0.0
8829a564a3fffff,20.49,0.0
8829a564a5fffff,21.22,0.0
8829a564a7fffff,21.11,0.0
8829a564a9fffff,20.44,0.0
8829a564abfffff,20.27,0.0
8829a564adfffff,21.05,0.0
8829a564b1fffff,20.11,0.0
8829a564b3fffff,20.1,0.0
8829a564b5fffff,20.35,0.0
8829a564b7fffff,20.49,0.0
8829a564b9fffff,20.2,0.0
8829a564bbfffff,20.17,0.0
8829a564bdfffff,20.24,0.0
8829a564e1fffff,20.59,0.0
8829a564e3fffff,20.42,0.0
8829a564e5fffff,20.91,0.0
8829a564e7fffff,20.68,0.0
8829a564e9fffff,20.57,0.0
8829a564ebfffff,20.54,0.0
8829a564edfffff,20.8,0.0
8829a56501fffff,42.58,15.73
8829a56503fffff,42.93,7.05
8829a56505fffff,44.66,6.27
8829a56507fffff,43.86,7.24
8829a56509fffff,42.75,12.94
8829a5650bfffff,42.31,11.4
8829a5650dfffff,43.4,10.93
8829a56511fffff,40.33,17.5
8829a56513fffff,40.12,16.54
8829a56515fffff,41.88,10.09
8829a56517fffff,40.78,16.58
8829a56519fffff,41.1,9.08
8829a5651bfffff,39.11,15.13
8829a5651dfffff,41.72,8.54
8829a56521fffff,42.83,23.83
8829a56523fffff,44.19,16.42
8829a56525fffff,45.17,10.17
8829a56527fffff,41.93,19.44
8829a56529fffff,44.49,13.52
8829a5652bfffff,44.7,11.47
8829a5652dfffff,44.97,11.96
8829a56531fffff,43.94,5.59
8829a56533fffff,43.29,3.96
8829a56535fffff,45.84,6.09
8829a56537fffff,45.07,7.27
8829a56539fffff,42.99,14.06
8829a5653bfffff,42.86,8.33
8829a5653dfffff,44.86,9.68
8829a56541fffff,42.04,10.63
8829a56543fffff,41.69,14.84
8829a56545fffff,43.76,7.56
8829a56547fffff,42.5,14.92
8829a56549fffff,42.62,14.71
8829a5654bfffff,41.6,11.72
8829a5654dfffff,43.07,7.36
8829a56551fffff,40.82,10.19
8829a56553fffff,40.64,8.26
8829a56555fffff,40.62,16.51
8829a56557fffff,41.92,9.6
8829a56559fffff,39.37,9.25
8829a5655bfffff,36.8,0.01
8829a5655dfffff,40.34,14.46
8829a56561fffff,43.38,3.36
8829a56563fffff,43.01,21.05
8829a56565fffff,44.62,3.99
8829a56567fffff,44.5,14.42
8829a56569fffff,44.03,7.72
8829a5656bfffff,43.3,4.08
8829a5656dfffff,43.23,3.51
8829a56581fffff,41.36,0.0
8829a56583fffff,41.52,4.74
8829a56585fffff,42.33,3.23
8829a56587fffff,42.59,9.0
8829a56589fffff,40.63,5.04
8829a5658bfffff,36.72,1.14
8829a5658dfffff,41.43,4.5
8829a56591fffff,25.56,0.0
8829a56593fffff,22.2,0.0
8829a56595fffff,39.07,10.7
8829a56597fffff,37.52,7.46
8829a56599fffff,21.85,0.0
8829a5659bfffff,21.61,0.0
8829a5659dfffff,31.32,0.0
8829a565a1fffff,43.28,5.75
8829a565a3fffff,43.36,1.68
8829a565a5fffff,43.9,8.25
8829a565a7fffff,42.77,0.0
8829a565a9fffff,42.57,12.15
8829a565abfffff,42.46,9.4
8829a565adfffff,43.2,6.38
8829a565b1fffff,42.27,3.4
8829a565b3fffff,41.65,0.0
8829a565b5fffff,43.09,1.1
8829a565b7fffff,41.53,0.0
8829a565b9fffff,41.71,16.07
8829a565bbfffff,41.09,15.2
8829a565bdfffff,42.37,19.42
8829a565c1fffff,37.96,3.43
8829a565c3fffff,31.95,0.0
8829a565c5fffff,40.5,15.12
8829a565c7fffff,39.93,17.99
8829a565c9fffff,25.03,0.0
8829a565cbfffff,22.33,0.0
8829a565cdfffff,39.0,11.47
8829a565d1fffff,21.51,0.0
8829a565d3fffff,21.4,0.0
8829a565d5fffff,24.49,0.0
8829a565d7fffff,22.12,0.0
8829a565d9fffff,21.23,0.0
8829a565dbfffff,21.09,0.0
8829a565ddfffff,21.84,0.0
8829a565e1fffff,40.39,16.69
8829a565e3fffff,41.95,6.83
8829a565e5fffff,42.77,8.81
8829a565e7fffff,42.6,2.49
8829a565e9fffff,40.82,15.26
8829a565ebfffff,40.59,13.78
8829a565edfffff,42.01,13.63
8829a56601fffff,20.8,0.0
8829a56603fffff,20.53,0.0
8829a56605fffff,21.05,0.0
8829a56607fffff,20.85,0.0
8829a56609fffff,20.65,0.0
8829a5660bfffff,20.53,0.0
8829a5660dfffff,21.03,0.0
8829a56611fffff,20.34,0.0
8829a56615fffff,20.53,0.0
8829a56617fffff,20.53,0.0
8829a56619fffff,20.25,0.0
8829a5661dfffff,20.38,0.0
8829a56621fffff,21.77,0.0
8829a56623fffff,21.39,0.0
8829a56625fffff,21.75,0.0
8829a56627fffff,21.45,0.0
8829a56629fffff,21.59,0.0
8829a5662bfffff,21.14,0.0
8829a5662dfffff,21.92,0.0
8829a56631fffff,20.77,0.0
8829a56633fffff,20.75,0.0
8829a56635fffff,20.93,0.0
8829a56637fffff,20.72,0.0
8829a56639fffff,20.61,0.0
8829a5663bfffff,20.67,0.0
8829a5663dfffff,20.87,0.0
8829a56641fffff,20.42,0.0
8829a56643fffff,20.39,0.0
8829a56645fffff,20.45,0.0
8829a56647fffff,20.85,0.0
8829a56649fffff,20.77,0.0
8829a5664bfffff,20.48,0.0
8829a5664dfffff,20.55,0.0
8829a56651fffff,20.32,0.0
8829a56653fffff,20.26,0.0
8829a56655fffff,20.31,0.0
8829a56657fffff,20.32,0.0
8829a56659fffff,20.29,0.0
8829a5665bfffff,20.25,0.0
8829a5665dfffff,20.32,0.0
8829a56661fffff,22.04,0.0
8829a56663fffff,21.49,0.0
8829a56665fffff,26.48,11.31
8829a56667fffff,21.96,0.0
8829a56669fffff,21.81,0.0
8829a5666bfffff,21.26,0.0
8829a5666dfffff,27.92,21.92
8829a56701fffff,38.55,19.09
8829a56703fffff,31.38,0.0
8829a56705fffff,40.4,20.19
8829a56707fffff,39.86,13.28
8829a56709fffff,33.81,35.82
8829a5670bfffff,28.85,2.88
8829a5670dfffff,35.64,37.36
8829a56711fffff,21.75,0.0
8829a56713fffff,21.41,0.0
8829a56715fffff,22.53,0.0
8829a56717fffff,21.83,0.0
8829a56719fffff,22.05,0.0
8829a5671bfffff,21.54,0.0
8829a5671dfffff,22.47,0.0
8829a56721fffff,41.56,18.03
8829a56723fffff,40.95,17.36
8829a56725fffff,43.29,10.57
8829a56727fffff,43.06,14.01
8829a56729fffff,41.91,15.74
8829a5672bfffff,39.39,22.41
8829a5672dfffff,41.97,15.18
8829a56731fffff,39.28,10.88
8829a56733fffff,28.32,0.0
8829a56735fffff,40.22,17.05
8829a56737fffff,40.54,10.41
8829a56739fffff,36.12,0.7
8829a5673bfffff,23.69,0.0
8829a5673dfffff,40.32,16.94
8829a56741fffff,42.4,25.62
8829a56743fffff,38.44,27.42
8829a56745fffff,43.63,22.07
8829a56747fffff,39.63,25.22
8829a56749fffff,42.82,17.95
8829a5674bfffff,41.04,22.1
8829a5674dfffff,45.61,18.36
8829a56751fffff,25.39,1.0
8829a56753fffff,22.1,0.0
8829a56755fffff,33.78,30.64
8829a56757fffff,23.96,0.0
8829a56759fffff,33.8,24.87
8829a5675bfffff,22.38,0.0
8829a5675dfffff,35.1,33.22
8829a56761fffff,40.15,29.69
8829a56763fffff,39.3,29.59
8829a56765fffff,42.9,17.95
8829a56767fffff,42.96,14.41
8829a56769fffff,42.88,24.93
8829a5676bfffff,39.02,33.27
8829a5676dfffff,43.42,21.81
8829a56883fffff,46.77,12.5
8829a5688bfffff,47.54,12.13
8829a56891fffff,47.66,15.32
8829a56893fffff,46.83,11.89
8829a56895fffff,48.06,15.56
8829a56897fffff,49.14,6.7
8829a56899fffff,47.88,11.29
8829a5689bfffff,45.44,9.27
8829a5689dfffff,46.91,11.47
8829a568b3fffff,47.46,13.96
8829a568bbfffff,47.13,15.57
8829a568c3fffff,47.43,13.76
8829a568cbfffff,48.12,10.42
8829a568d1fffff,48.87,3.15
8829a568d3fffff,47.89,11.12
8829a568d5fffff,46.96,14.24
8829a568d7fffff,48.01,6.07
8829a568d9fffff,48.84,5.32
8829a568dbfffff,47.72,13.19
8829a568ddfffff,48.15,6.54
8829a56a13fffff,46.77,2.98
8829a56a1bfffff,46.62,3.06
8829a56a5bfffff,44.25,5.92
8829a56a81fffff,46.44,11.82
8829a56a83fffff,46.74,15.06
8829a56a85fffff,46.02,16.89
8829a56a87fffff,47.63,1.92
8829a56a89fffff,44.43,24.05
8829a56a8bfffff,45.98,14.83
8829a56a8dfffff,46.47,15.62
8829a56a91fffff,46.45,14.65
8829a56a93fffff,45.82,13.32
8829a56a95fffff,47.68,12.96
8829a56a97fffff,44.92,14.66
8829a56a99fffff,47.49,9.63
8829a56a9bfffff,46.64,7.17
8829a56a9dfffff,46.95,11.7
8829a56aa3fffff,47.19,15.83
8829a56aabfffff,46.85,8.45
8829a56ab1fffff,47.25,10.2
8829a56ab3fffff,46.29,8.75
8829a56ab5fffff,47.75,7.88
8829a56ab7fffff,47.92,1.87
8829a56ab9fffff,47.41,11.95
8829a56abbfffff,46.66,15.42
8829a56abdfffff,46.95,1.55
8829a56ac1fffff,46.52,10.09
8829a56ac3fffff,46.33,17.31
8829a56ac5fffff,44.53,13.22
8829a56ac7fffff,46.93,10.18
8829a56ac9fffff,45.52,7.89
8829a56acbfffff,43.8,16.46
8829a56acdfffff,46.05,0.36
8829a56ad1fffff,41.55,30.16
8829a56ad3fffff,42.71,20.65
8829a56ad5fffff,45.55,16.96
8829a56ad7fffff,45.12,16.96
8829a56ad9fffff,41.97,22.3
8829a56adbfffff,39.07,26.32
8829a56addfffff,44.66,15.71
8829a56ae3fffff,45.96,14.47
8829a56aebfffff,43.26,24.78
8829a56c01fffff,47.99,10.78
8829a56c03fffff,47.65,6.98
8829a56c05fffff,47.4,13.12
8829a56c07fffff,47.47,12.55
8829a56c09fffff,47.8,6.43
8829a56c0bfffff,47.71,6.34
8829a56c0dfffff,48.06,9.53
8829a56c11fffff,47.14,6.15
8829a56c13fffff,46.87,8.58
8829a56c15fffff,46.75,7.12
8829a56c17fffff,46.48,7.79
8829a56c19fffff,47.43,7.93
8829a56c1bfffff,46.95,8.85
8829a56c1dfffff,46.75,8.3
8829a56c21fffff,48.29,10.26
8829a56c23fffff,47.79,9.14
8829a56c25fffff,48.79,7.95
8829a56c27fffff,48.67,9.34
8829a56c29fffff,47.3,12.21
8829a56c2bfffff,46.92,13.48
8829a56c2dfffff,47.16,11.42
8829a56c31fffff,47.66,7.97
8829a56c33fffff,48.04,8.56
8829a56c35fffff,48.51,9.29
8829a56c37fffff,48.39,10.82
8829a56c39fffff,46.45,10.85
8829a56c3bfffff,47.12,6.87
8829a56c3dfffff,47.59,11.38
8829a56c41fffff,47.27,10.67
8829a56c43fffff,48.09,10.05
8829a56c45fffff,46.36,15.47
8829a56c47fffff,46.0,13.76
8829a56c49fffff,49.09,9.13
8829a56c4bfffff,48.72,3.65
8829a56c4dfffff,48.97,8.34
8829a56c51fffff,46.75,7.83
8829a56c53fffff,46.94,9.44
8829a56c55fffff,45.34,6.71
8829a56c57fffff,47.25,9.52
8829a56c59fffff,46.77,11.31
8829a56c5bfffff,46.12,10.57
8829a56c5dfffff,46.47,10.08
8829a56c61fffff,47.25,10.06
8829a56c63fffff,48.09,12.56
8829a56c65fffff,47.14,10.89
8829a56c67fffff,48.34,11.38
8829a56c69fffff,47.2,11.56
8829a56c6bfffff,46.9,13.14
8829a56c6dfffff,47.0,13.41
8829a56c81fffff,45.48,8.3
8829a56c83fffff,45.47,11.97
8829a56c85fffff,46.66,9.82
8829a56c87fffff,46.21,9.8
8829a56c89fffff,44.88,8.73
8829a56c8bfffff,45.73,8.12
8829a56c8dfffff,46.06,8.62
8829a56c91fffff,44.06,14.99
8829a56c93fffff,43.27,18.03
8829a56c95fffff,45.03,11.96
8829a56c97fffff,43.16,15.68
8829a56c99fffff,44.78,13.42
8829a56c9bfffff,44.0,16.85
8829a56c9dfffff,45.58,10.56
8829a56ca1fffff,47.86,8.01
8829a56ca3fffff,46.84,11.25
8829a56ca5fffff,47.78,7.9
8829a56ca7fffff,47.45,6.52
8829a56ca9fffff,47.18,8.88
8829a56cabfffff,47.5,9.75
8829a56cadfffff,48.2,5.89
8829a56cb1fffff,45.8,12.29
8829a56cb3fffff,44.65,15.79
8829a56cb5fffff,46.58,10.13
8829a56cb7fffff,45.82,11.65
8829a56cb9fffff,45.51,16.35
8829a56cbbfffff,44.26,12.06
8829a56cbdfffff,46.74,9.46
8829a56cc1fffff,45.93,11.43
8829a56cc3fffff,44.72,12.03
8829a56cc5fffff,46.41,7.52
8829a56cc7fffff,45.29,9.75
8829a56cc9fffff,45.85,14.05
8829a56ccbfffff,45.38,11.29
8829a56ccdfffff,46.43,10.32
8829a56cd1fffff,40.06,32.13
8829a56cd3fffff,44.5,13.14
8829a56cd5fffff,44.61,8.25
8829a56cd7fffff,45.14,8.78
8829a56cd9fffff,42.27,23.1
8829a56cdbfffff,44.81,7.94
8829a56cddfffff,42.59,19.37
8829a56ce1fffff,47.0,9.03
8829a56ce3fffff,46.31,11.31
8829a56ce5fffff,47.87,8.94
8829a56ce7fffff,47.92,6.62
8829a56ce9fffff,46.53,6.18
8829a56cebfffff,46.34,10.72
8829a56cedfffff,47.44,7.9
8829a56d01fffff,49.94,3.61
8829a56d03fffff,49.13,11.65
8829a56d05fffff,49.61,0.42
8829a56d07fffff,50.2,3.32
8829a56d09fffff,48.87,12.64
8829a56d0bfffff,49.62,10.17
8829a56d0dfffff,45.83,23.38
8829a56d11fffff,48.55,11.71
8829a56d13fffff,48.87,9.18
8829a56d15fffff,48.57,10.47
8829a56d17fffff,49.17,9.73
8829a56d19fffff,48.83,9.7
8829a56d1bfffff,48.81,2.22
8829a56d1dfffff,48.47,9.75
8829a56d21fffff,47.43,8.63
8829a56d23fffff,49.02,9.98
8829a56d25fffff,49.12,10.76
8829a56d27fffff,47.49,10.88
8829a56d29fffff,46.88,10.76
8829a56d2bfffff,49.95,8.81
8829a56d2dfffff,48.99,9.36
8829a56d31fffff,49.68,9.75
8829a56d33fffff,50.18,6.74
8829a56d35fffff,49.67,8.12
8829a56d37fffff,50.19,9.57
8829a56d39fffff,49.39,9.33
8829a56d3bfffff,48.6,11.05
8829a56d3dfffff,49.67,7.48
8829a56d41fffff,48.41,14.74
8829a56d43fffff,48.37,14.48
8829a56d45fffff,48.06,11.61
8829a56d47fffff,47.58,16.88
8829a56d49fffff,47.43,16.23
8829a56d4bfffff,47.78,12.07
8829a56d4dfffff,48.35,13.75
8829a56d51fffff,48.28,9.45
8829a56d53fffff,48.23,9.82
8829a56d55fffff,49.22,11.86
8829a56d57fffff,48.75,11.67
8829a56d59fffff,47.96,5.67
8829a56d5bfffff,48.14,4.14
8829a56d5dfffff,49.16,8.65
8829a56d61fffff,46.71,5.07
8829a56d63fffff,47.88,3.62
8829a56d65fffff,47.14,13.31
8829a56d67fffff,48.76,2.88
8829a56d69fffff,46.58,6.97
8829a56d6bfffff,47.26,13.12
8829a56d6dfffff,43.97,30.2
8829a56d81fffff,48.88,8.06
8829a56d83fffff,48.73,10.38
8829a56d85fffff,51.56,0.0
8829a56d87fffff,50.12,2.03
8829a56d89fffff,48.75,8.94
8829a56d8bfffff,49.06,10.53
8829a56d8dfffff,50.12,0.0
8829a56d91fffff,47.99,9.86
8829a56d93fffff,48.23,3.86
8829a56d95fffff,48.53,8.93
8829a56d97fffff,48.92,6.24
8829a56d99fffff,48.45,9.86
8829a56d9bfffff,47.63,5.76
8829a56d9dfffff,48.96,9.58
8829a56da1fffff,49.36,0.81
8829a56da3fffff,49.13,1.5
8829a56da5fffff,50.32,0.0
8829a56da7fffff,50.68,0.0
8829a56da9fffff,51.38,0.0
8829a56dabfffff,51.76,0.0
8829a56dadfffff,49.98,0.0
8829a56db1fffff,50.36,0.28
8829a56db3fffff,50.17,1.4
8829a56db5fffff,50.44,0.0
8829a56db7fffff,50.02,0.93
8829a56db9fffff,49.05,6.16
8829a56dbbfffff,48.4,6.92
8829a56dbdfffff,50.06,0.0
8829a56dc1fffff,49.9,8.64
8829a56dc3fffff,49.44,10.74
8829a56dc5fffff,49.33,6.07
8829a56dc7fffff,49.26,4.73
8829a56dc9fffff,49.12,8.66
8829a56dcbfffff,49.87,7.74
8829a56dcdfffff,48.95,8.39
8829a56dd1fffff,49.72,5.38
8829a56dd3fffff,48.75,6.87
8829a56dd5fffff,50.42,2.64
8829a56dd7fffff,49.18,8.8
8829a56dd9fffff,48.99,7.19
8829a56ddbfffff,48.23,5.58
8829a56dddfffff,49.58,0.0
8829a56de1fffff,49.87,6.32
8829a56de3fffff,50.32,0.5
8829a56de5fffff,51.01,0.0
8829a56de7fffff,51.78,0.0
8829a56de9fffff,50.31,5.6
8829a56debfffff,49.84,8.67
8829a56dedfffff,49.31,10.5
8829a56e01fffff,47.88,6.18
8829a56e03fffff,47.57,10.54
8829a56e05fffff,48.18,1.65
8829a56e07fffff,47.34,8.25
8829a56e09fffff,45.17,13.02
8829a56e0bfffff,47.96,6.91
8829a56e0dfffff,45.83,5.83
8829a56e11fffff,46.43,10.17
8829a56e13fffff,46.22,12.21
8829a56e15fffff,47.3,7.82
8829a56e17fffff,47.22,5.5
8829a56e19fffff,46.16,9.26
8829a56e1bfffff,45.68,11.82
8829a56e1dfffff,47.49,7.58
8829a56e21fffff,49.11,3.12
8829a56e23fffff,49.71,0.63
8829a56e25fffff,48.71,12.0
8829a56e27fffff,49.28,7.1
8829a56e29fffff,49.01,1.25
8829a56e2bfffff,48.18,0.19
8829a56e2dfffff,48.85,11.74
8829a56e31fffff,46.09,9.42
8829a56e33fffff,47.65,6.46
8829a56e35fffff,48.26,1.11
8829a56e37fffff,47.24,6.74
8829a56e39fffff,47.33,7.72
8829a56e3bfffff,47.81,6.83
8829a56e3dfffff,47.25,3.76
8829a56e41fffff,46.63,6.98
8829a56e43fffff,45.59,16.92
8829a56e45fffff,45.5,7.46
8829a56e47fffff,45.87,4.87
8829a56e49fffff,47.93,7.22
8829a56e4bfffff,48.05,3.78
8829a56e4dfffff,46.9,6.13
8829a56e51fffff,45.81,12.34
8829a56e53fffff,45.59,14.09
8829a56e55fffff,46.73,5.94
8829a56e57fffff,46.92,2.27
8829a56e59fffff,44.92,8.53
8829a56e5bfffff,45.11,8.82
8829a56e5dfffff,45.96,9.92
8829a56e61fffff,46.89,7.45
8829a56e63fffff,47.7,8.76
8829a56e65fffff,47.16,11.63
8829a56e67fffff,48.24,8.15
8829a56e69fffff,46.74,16.53
8829a56e6bfffff,48.09,2.75
8829a56e6dfffff,45.78,18.69
8829a56e81fffff,46.15,6.63
8829a56e83fffff,45.52,6.4
8829a56e85fffff,45.97,10.57
8829a56e87fffff,45.93,11.14
8829a56e89fffff,46.59,4.47
8829a56e8bfffff,46.49,6.08
8829a56e8dfffff,46.91,0.0
8829a56e91fffff,43.48,8.12
8829a56e93fffff,43.29,3.87
8829a56e95fffff,45.35,7.28
8829a56e97fffff,44.98,9.51
8829a56e99fffff,42.9,11.28
8829a56e9bfffff,43.78,0.95
8829a56e9dfffff,45.73,5.38
8829a56ea1fffff,46.38,12.07
8829a56ea3fffff,46.04,13.06
8829a56ea5fffff,47.1,8.93
8829a56ea7fffff,45.2,15.51
8829a56ea9fffff,46.18,9.18
8829a56eabfffff,46.13,10.57
8829a56eadfffff,46.36,8.91
8829a56eb1fffff,43.62,1.42
8829a56eb3fffff,46.0,6.42
8829a56eb5fffff,45.79,8.87
8829a56eb7fffff,43.05,10.26
8829a56eb9fffff,45.39,9.42
8829a56ebbfffff,45.66,8.0
8829a56ebdfffff,46.47,7.77
8829a56ec1fffff,46.16,7.76
8829a56ec3fffff,46.62,7.51
8829a56ec5fffff,46.79,5.22
8829a56ec7fffff,47.09,8.42
8829a56ec9fffff,45.49,12.58
8829a56ecbfffff,45.62,7.88
8829a56ecdfffff,45.57,12.84
8829a56ed1fffff,44.71,9.7
8829a56ed3fffff,43.44,13.31
8829a56ed5fffff,45.94,8.22
8829a56ed7fffff,45.12,8.87
8829a56ed9fffff,43.78,12.49
8829a56edbfffff,42.33,12.65
8829a56eddfffff,44.91,10.03
8829a56ee1fffff,46.26,15.62
8829a56ee3fffff,45.94,4.35
8829a56ee5fffff,47.78,3.73
8829a56ee7fffff,41.98,27.08
8829a56ee9fffff,47.77,3.99
8829a56eebfffff,47.18,7.8
8829a56eedfffff,48.1,0.0
8829a56f01fffff,48.62,8.19
8829a56f03fffff,48.71,8.35
8829a56f05fffff,48.16,13.86
8829a56f07fffff,48.04,14.05
8829a56f09fffff,47.75,8.57
8829a56f0bfffff,47.42,11.37
8829a56f0dfffff,47.51,16.16
8829a56f11fffff,47.72,14.57
8829a56f13fffff,48.11,13.71
8829a56f15fffff,49.06,12.72
8829a56f17fffff,47.35,12.69
8829a56f19fffff,48.66,11.13
8829a56f1bfffff,49.11,9.86
8829a56f1dfffff,47.94,13.44
8829a56f21fffff,48.76,13.9
8829a56f23fffff,48.16,16.03
8829a56f25fffff,46.95,10.26
8829a56f27fffff,47.59,12.87
8829a56f29fffff,48.55,13.71
8829a56f2bfffff,48.54,12.14
8829a56f2dfffff,46.16,15.43
8829a56f31fffff,48.14,8.07
8829a56f33fffff,47.18,7.71
8829a56f35fffff,47.78,12.82
8829a56f37fffff,47.77,11.42
8829a56f39fffff,48.4,5.49
8829a56f3bfffff,47.35,11.47
8829a56f3dfffff,48.8,10.76
8829a56f41fffff,47.08,4.04
8829a56f43fffff,48.05,8.03
8829a56f45fffff,47.82,8.23
8829a56f47fffff,46.69,11.35
8829a56f49fffff,46.12,11.4
8829a56f4bfffff,49.53,3.94
8829a56f4dfffff,50.53,1.1
8829a56f51fffff,48.69,11.21
8829a56f53fffff,48.9,10.31
8829a56f55fffff,47.42,14.41
8829a56f57fffff,48.45,10.13
8829a56f59fffff,48.95,3.2
8829a56f5bfffff,48.89,9.33
8829a56f5dfffff,49.7,3.93
8829a56f61fffff,46.03,13.53
8829a56f63fffff,48.07,15.55
8829a56f65fffff,46.19,15.06
8829a56f67fffff,46.29,11.41
8829a56f69fffff,45.16,13.65
8829a56f6bfffff,47.12,16.93
8829a56f6dfffff,45.56,9.69
8829a571b3fffff,18.37,0.0
8829a571b7fffff,18.45,0.0
8829a57421fffff,21.26,0.0
8829a57423fffff,21.44,0.0
8829a57425fffff,21.61,0.0
8829a57427fffff,21.82,0.0
8829a57431fffff,20.55,0.0
8829a57433fffff,20.52,0.0
8829a57435fffff,21.49,0.0
8829a57437fffff,21.13,0.0
8829a57439fffff,20.61,0.0
8829a5743bfffff,20.62,0.0
8829a5743dfffff,20.56,0.0
8829a57485fffff,20.29,0.0
8829a57487fffff,20.22,0.0
8829a5748dfffff,20.8,0.0
8829a574a1fffff,20.44,0.0
8829a574a3fffff,20.31,0.0
8829a574a5fffff,20.8,0.0
8829a574a7fffff,20.62,0.0
8829a574a9fffff,20.35,0.0
8829a574abfffff,20.24,0.0
8829a574adfffff,20.7,0.0
8829a574b1fffff,20.22,0.0
8829a574b3fffff,20.4,0.0
8829a574b5fffff,20.32,0.0
8829a574b7fffff,20.44,0.0
8829a574b9fffff,20.18,0.0
8829a574bbfffff,20.23,0.0
8829a574bdfffff,20.22,0.0
8829a574e1fffff,20.66,0.0
8829a574e3fffff,20.57,0.0
8829a574e5fffff,20.67,0.0
8829a574e7fffff,20.54,0.0
8829a574e9fffff,20.78,0.0
8829a574ebfffff,20.77,0.0
8829a574edfffff,20.62,0.0
8829a57501fffff,20.0,0.0
8829a57503fffff,19.85,0.0
8829a57505fffff,20.0,0.0
8829a57507fffff,19.6,0.0
8829a5750bfffff,20.03,0.0
8829a57511fffff,20.02,0.0
8829a57513fffff,19.84,0.0
8829a57515fffff,19.65,0.0
8829a57517fffff,19.48,0.0
8829a57519fffff,20.82,0.0
8829a5751bfffff,21.08,0.0
8829a5751dfffff,19.84,0.0
8829a57521fffff,19.76,0.0
8829a57523fffff,21.22,0.0
8829a57525fffff,27.47,3.2
8829a57527fffff,34.13,19.43
8829a57529fffff,20.0,0.0
8829a5752bfffff,19.48,0.0
8829a5752dfffff,19.8,0.0
8829a57531fffff,19.29,0.0
8829a57533fffff,20.22,0.0
8829a57535fffff,29.18,19.97
8829a57537fffff,32.19,4.17
8829a57539fffff,19.34,0.0
8829a5753bfffff,19.34,0.0
8829a5753dfffff,19.03,0.0
8829a57567fffff,19.65,0.0
8829a57581fffff,36.05,18.84
8829a57583fffff,28.37,6.14
8829a57585fffff,37.68,28.66
8829a57587fffff,38.39,25.86
8829a57589fffff,22.39,6.45
8829a5758bfffff,21.22,0.0
8829a5758dfffff,33.92,26.07
8829a57591fffff,21.43,0.0
8829a57593fffff,21.28,0.0
8829a57595fffff,23.58,0.0
8829a57597fffff,21.66,0.0
8829a57599fffff,21.16,0.0
8829a5759bfffff,20.88,0.0
8829a5759dfffff,21.1,0.0
8829a575a1fffff,41.68,28.31
8829a575a3fffff,41.78,21.51
8829a575a5fffff,43.24,23.47
8829a575a7fffff,42.18,24.11
8829a575a9fffff,37.83,30.22
8829a575abfffff,40.85,25.06
8829a575adfffff,38.9,22.84
8829a575b1fffff,37.84,22.7
8829a575b3fffff,38.08,23.62
8829a575b5fffff,42.23,22.91
8829a575b7fffff,39.01,24.19
8829a575b9fffff,37.88,23.32
8829a575bbfffff,35.05,24.65
8829a575bdfffff,37.74,31.79
8829a575c1fffff,21.12,0.0
8829a575c3fffff,20.71,0.0
8829a575c5fffff,19.81,0.0
8829a575c7fffff,19.9,0.0
8829a575c9fffff,21.91,0.0
8829a575cbfffff,21.28,0.0
8829a575cdfffff,21.11,0.0
8829a575d1fffff,21.32,0.0
8829a575d3fffff,20.96,0.0
8829a575d5fffff,21.05,0.0
8829a575d7fffff,21.58,0.0
8829a575d9fffff,20.91,0.0
8829a575dbfffff,20.85,0.0
8829a575ddfffff,21.12,0.0
8829a575e1fffff,20.17,0.0
8829a575e3fffff,38.43,24.18
8829a575e5fffff,29.01,10.62
8829a575e7fffff,38.46,22.56
8829a575e9fffff,19.38,0.0
8829a575ebfffff,21.84,0.0
8829a575edfffff,19.55,0.0
8829a5788bfffff,21.65,0.0
8829a57891fffff,22.46,0.0
8829a57893fffff,31.67,0.0
8829a57895fffff,27.78,0.0
8829a57897fffff,39.14,11.42
8829a57899fffff,21.73,0.0
8829a5789bfffff,22.37,0.0
8829a5789dfffff,22.84,0.0
8829a578bbfffff,42.64,11.69
8829a578cbfffff,20.76,0.0
8829a578d1fffff,20.99,0.0
8829a578d3fffff,21.54,0.0
8829a578d5fffff,20.98,0.0
8829a578d7fffff,22.58,0.0
8829a578d9fffff,20.6,0.0
8829a578dbfffff,21.14,0.0
8829a578ddfffff,20.68,0.0
8829a57a93fffff,19.38,0.0
8829a57a97fffff,19.57,0.0
8829a57ab1fffff,19.86,0.0
8829a57ab3fffff,20.12,0.0
8829a57ab5fffff,20.37,0.0
8829a57ab7fffff,20.51,0.0
8829a57ab9fffff,19.34,0.0
8829a57abbfffff,19.67,0.0
8829a57abdfffff,20.02,0.0
